condition,model,seed,roc_auc,pr_auc,brier,n_train,status,dataset,rate,rule_set
clean,logreg,20260803,0.9060187881937861,0.545662857696497,0.0714238474484318,33908,ok,bank_marketing_full,0.05,naive
clean,hgb,20260803,0.9338031594371211,0.627013134831943,0.06194953392850486,33908,ok,bank_marketing_full,0.05,naive
corrupted,logreg,20260803,0.9033097832932495,0.5464226420081842,0.07151783117284528,35603,ok,bank_marketing_full,0.05,naive
corrupted,hgb,20260803,0.9330753393626408,0.6148335269339846,0.06263485827827737,35603,ok,bank_marketing_full,0.05,naive
quarantine,logreg,20260803,0.8514914343303716,0.45440840297119706,0.09301003534463807,4387,ok,bank_marketing_full,0.05,naive
quarantine,hgb,20260803,0.8619392731211996,0.4555739316856605,0.09268547490023026,4387,ok,bank_marketing_full,0.05,naive
repair,logreg,20260803,0.9019203051607434,0.5336302912514495,0.07248168700736449,35603,ok,bank_marketing_full,0.05,naive
repair,hgb,20260803,0.9156158804603177,0.5783410622404375,0.06878853673856046,35603,ok,bank_marketing_full,0.05,naive
clean,logreg,20260804,0.9060187881937861,0.545662857696497,0.0714238474484318,33908,ok,bank_marketing_full,0.05,naive
clean,hgb,20260804,0.9347268509108304,0.6335437619938029,0.061466319262384266,33908,ok,bank_marketing_full,0.05,naive
corrupted,logreg,20260804,0.9029602538317507,0.5475708673404982,0.07149823725151061,35603,ok,bank_marketing_full,0.05,naive
corrupted,hgb,20260804,0.9342425343402085,0.628307664536503,0.06185233337936837,35603,ok,bank_marketing_full,0.05,naive
quarantine,logreg,20260804,0.8361600353834161,0.433368134603946,0.0992139266316073,4372,ok,bank_marketing_full,0.05,naive
quarantine,hgb,20260804,0.8627542103066931,0.44149749578520336,0.09735731536956553,4372,ok,bank_marketing_full,0.05,naive
repair,logreg,20260804,0.9026852229523536,0.5355640378220767,0.07229384866801394,35603,ok,bank_marketing_full,0.05,naive
repair,hgb,20260804,0.9184416351733953,0.5842713486198208,0.06804016606214994,35603,ok,bank_marketing_full,0.05,naive
clean,logreg,20260805,0.9060187881937861,0.545662857696497,0.0714238474484318,33908,ok,bank_marketing_full,0.05,naive
clean,hgb,20260805,0.9341690967755527,0.6311523622153931,0.06192832469044535,33908,ok,bank_marketing_full,0.05,naive
corrupted,logreg,20260805,0.902801480149652,0.5470870030550897,0.07146746630676337,35603,ok,bank_marketing_full,0.05,naive
corrupted,hgb,20260805,0.9336642040451745,0.6279109327480974,0.0622384969511653,35603,ok,bank_marketing_full,0.05,naive
quarantine,logreg,20260805,0.8462779735354966,0.45208610514433034,0.09180566778163453,4376,ok,bank_marketing_full,0.05,naive
quarantine,hgb,20260805,0.8540809231943113,0.4586911057656641,0.09107339829498752,4376,ok,bank_marketing_full,0.05,naive
repair,logreg,20260805,0.9025228872831149,0.5352377074984843,0.07228249844336368,35603,ok,bank_marketing_full,0.05,naive
repair,hgb,20260805,0.9172504157293714,0.5922364728433209,0.06770807322601907,35603,ok,bank_marketing_full,0.05,naive
clean,logreg,20260806,0.9060187881937861,0.545662857696497,0.0714238474484318,33908,ok,bank_marketing_full,0.05,naive
clean,hgb,20260806,0.9337443866493085,0.6253713897892842,0.061942296331646184,33908,ok,bank_marketing_full,0.05,naive
corrupted,logreg,20260806,0.9025851841645873,0.5466837539733588,0.0714376706832363,35603,ok,bank_marketing_full,0.05,naive
corrupted,hgb,20260806,0.9329507455996954,0.6186566216574844,0.062466725336210165,35603,ok,bank_marketing_full,0.05,naive
quarantine,logreg,20260806,0.8459603503843384,0.4478390558111884,0.09268248561533342,4419,ok,bank_marketing_full,0.05,naive
quarantine,hgb,20260806,0.8603970084764683,0.4499588669674937,0.09228241807324256,4419,ok,bank_marketing_full,0.05,naive
repair,logreg,20260806,0.9019914691165862,0.5338258327788509,0.072511332367068,35603,ok,bank_marketing_full,0.05,naive
repair,hgb,20260806,0.9102824868005639,0.5668907524508314,0.07104681436175883,35603,ok,bank_marketing_full,0.05,naive
clean,logreg,20260807,0.9060187881937861,0.545662857696497,0.0714238474484318,33908,ok,bank_marketing_full,0.05,naive
clean,hgb,20260807,0.9340599635525351,0.6304585392520526,0.06171405739723577,33908,ok,bank_marketing_full,0.05,naive
corrupted,logreg,20260807,0.9028310370642193,0.5472660716033925,0.07147062732888348,35603,ok,bank_marketing_full,0.05,naive
corrupted,hgb,20260807,0.934213811082206,0.6245006351623745,0.06228609547349185,35603,ok,bank_marketing_full,0.05,naive
quarantine,logreg,20260807,0.8400244882826537,0.4353753600185872,0.09984396377268309,4387,ok,bank_marketing_full,0.05,naive
quarantine,hgb,20260807,0.8534632594668145,0.4367095091931605,0.10010638621100448,4387,ok,bank_marketing_full,0.05,naive
repair,logreg,20260807,0.9027238743021728,0.5348396616551745,0.07234813121450116,35603,ok,bank_marketing_full,0.05,naive
repair,hgb,20260807,0.9166656435427007,0.5728982105780183,0.06889859453204514,35603,ok,bank_marketing_full,0.05,naive
clean,logreg,20260803,0.9060187881937861,0.545662857696497,0.0714238474484318,33908,ok,bank_marketing_full,0.1,naive
clean,hgb,20260803,0.9338031594371211,0.627013134831943,0.06194953392850486,33908,ok,bank_marketing_full,0.1,naive
corrupted,logreg,20260803,0.8975226909948872,0.5443523682657274,0.07223235834715186,37299,ok,bank_marketing_full,0.1,naive
corrupted,hgb,20260803,0.9317357290500967,0.6073408415701068,0.06330536749118224,37299,ok,bank_marketing_full,0.1,naive
quarantine,logreg,20260803,0.8481581722367808,0.4625306814675681,0.09005146224150788,3242,ok,bank_marketing_full,0.1,naive
quarantine,hgb,20260803,0.8568032665998832,0.4503801605891139,0.09405525765049186,3242,ok,bank_marketing_full,0.1,naive
repair,logreg,20260803,0.9030674165937974,0.535940763530447,0.07246424539848016,37299,ok,bank_marketing_full,0.1,naive
repair,hgb,20260803,0.9142157542598713,0.5673566705276301,0.06938388547419724,37299,ok,bank_marketing_full,0.1,naive
clean,logreg,20260804,0.9060187881937861,0.545662857696497,0.0714238474484318,33908,ok,bank_marketing_full,0.1,naive
clean,hgb,20260804,0.9347268509108304,0.6335437619938029,0.061466319262384266,33908,ok,bank_marketing_full,0.1,naive
corrupted,logreg,20260804,0.8971836959208883,0.5454933401527153,0.07213934534731041,37299,ok,bank_marketing_full,0.1,naive
corrupted,hgb,20260804,0.9318405424163702,0.610886411190184,0.06315709638257025,37299,ok,bank_marketing_full,0.1,naive
quarantine,logreg,20260804,0.8406875483994476,0.43750501891674265,0.09144468862529259,3305,ok,bank_marketing_full,0.1,naive
quarantine,hgb,20260804,0.8526404404374363,0.41599201216781495,0.0957292409752231,3305,ok,bank_marketing_full,0.1,naive
repair,logreg,20260804,0.9019248523783692,0.5340306597143535,0.07262889736333274,37299,ok,bank_marketing_full,0.1,naive
repair,hgb,20260804,0.9131661048579289,0.5686469817069648,0.07049171100764609,37299,ok,bank_marketing_full,0.1,naive
clean,logreg,20260805,0.9060187881937861,0.545662857696497,0.0714238474484318,33908,ok,bank_marketing_full,0.1,naive
clean,hgb,20260805,0.9341690967755527,0.6311523622153931,0.06192832469044535,33908,ok,bank_marketing_full,0.1,naive
corrupted,logreg,20260805,0.8989087587141743,0.544433547404884,0.07221378959280066,37299,ok,bank_marketing_full,0.1,naive
corrupted,hgb,20260805,0.9325291427388286,0.6209319522718858,0.06280653590062536,37299,ok,bank_marketing_full,0.1,naive
quarantine,logreg,20260805,0.8327850146746291,0.4404596917076983,0.09867694073670509,3222,ok,bank_marketing_full,0.1,naive
quarantine,hgb,20260805,0.8556560793798685,0.4667461525057018,0.09372483548854572,3222,ok,bank_marketing_full,0.1,naive
repair,logreg,20260805,0.9025154601609927,0.5338203819338748,0.07253668089073136,37299,ok,bank_marketing_full,0.1,naive
repair,hgb,20260805,0.9113614278627121,0.5572890267978166,0.07119148843900784,37299,ok,bank_marketing_full,0.1,naive
clean,logreg,20260806,0.9060187881937861,0.545662857696497,0.0714238474484318,33908,ok,bank_marketing_full,0.1,naive
clean,hgb,20260806,0.9337443866493085,0.6253713897892842,0.061942296331646184,33908,ok,bank_marketing_full,0.1,naive
corrupted,logreg,20260806,0.897933683681294,0.5461937071715076,0.07207866265686191,37299,ok,bank_marketing_full,0.1,naive
corrupted,hgb,20260806,0.9316903326607999,0.6087635993188659,0.06332690678592261,37299,ok,bank_marketing_full,0.1,naive
quarantine,logreg,20260806,0.8517510804568014,0.4498874782239472,0.09540399900896696,3199,ok,bank_marketing_full,0.1,naive
quarantine,hgb,20260806,0.8553220104582973,0.44279676153146186,0.10071184862824281,3199,ok,bank_marketing_full,0.1,naive
repair,logreg,20260806,0.9022549045910376,0.5359523798425434,0.07237327775586762,37299,ok,bank_marketing_full,0.1,naive
repair,hgb,20260806,0.9116350566833413,0.5721989019782625,0.07030575809448641,37299,ok,bank_marketing_full,0.1,naive
clean,logreg,20260807,0.9060187881937861,0.545662857696497,0.0714238474484318,33908,ok,bank_marketing_full,0.1,naive
clean,hgb,20260807,0.9340599635525351,0.6304585392520526,0.06171405739723577,33908,ok,bank_marketing_full,0.1,naive
corrupted,logreg,20260807,0.8946583228254713,0.5432333784528189,0.0726391775190695,37299,ok,bank_marketing_full,0.1,naive
corrupted,hgb,20260807,0.9322666924948627,0.6221146817372342,0.06283218971661024,37299,ok,bank_marketing_full,0.1,naive
quarantine,logreg,20260807,0.8407248355839785,0.4344322599314151,0.10288175022551284,3204,ok,bank_marketing_full,0.1,naive
quarantine,hgb,20260807,0.844869548662883,0.39724357131428323,0.10669293600292531,3204,ok,bank_marketing_full,0.1,naive
repair,logreg,20260807,0.9024238337258341,0.5348667914546521,0.0724347767833078,37299,ok,bank_marketing_full,0.1,naive
repair,hgb,20260807,0.9120077769547315,0.5591020961557139,0.07078575048972972,37299,ok,bank_marketing_full,0.1,naive
clean,logreg,20260803,0.9060187881937861,0.545662857696497,0.0714238474484318,33908,ok,bank_marketing_full,0.2,naive
clean,hgb,20260803,0.9338031594371211,0.627013134831943,0.06194953392850486,33908,ok,bank_marketing_full,0.2,naive
corrupted,logreg,20260803,0.8788788713684593,0.5298038447288842,0.07508146999373785,40690,ok,bank_marketing_full,0.2,naive
corrupted,hgb,20260803,0.9313869574582023,0.6179324331998071,0.06357433429231563,40690,ok,bank_marketing_full,0.2,naive
quarantine,logreg,20260803,0.8397479416640482,0.45440928575149675,0.08585239088546547,1668,ok,bank_marketing_full,0.2,naive
quarantine,hgb,20260803,0.8521832934921282,0.46902693599405054,0.0915289620682246,1668,ok,bank_marketing_full,0.2,naive
repair,logreg,20260803,0.9020462630889764,0.5368258432248282,0.07255299148544296,40690,ok,bank_marketing_full,0.2,naive
repair,hgb,20260803,0.9109975367722122,0.5734874697726227,0.06974639258989558,40690,ok,bank_marketing_full,0.2,naive
clean,logreg,20260804,0.9060187881937861,0.545662857696497,0.0714238474484318,33908,ok,bank_marketing_full,0.2,naive
clean,hgb,20260804,0.9347268509108304,0.6335437619938029,0.061466319262384266,33908,ok,bank_marketing_full,0.2,naive
corrupted,logreg,20260804,0.8830472299790176,0.5326305014306036,0.07472499991739982,40690,ok,bank_marketing_full,0.2,naive
corrupted,hgb,20260804,0.9323078448143757,0.6210197913680741,0.06288313042317825,40690,ok,bank_marketing_full,0.2,naive
quarantine,logreg,20260804,0.8236286614764724,0.42594295273925803,0.0971769504712309,1614,ok,bank_marketing_full,0.2,naive
quarantine,hgb,20260804,0.8459935450730064,0.4324770908026264,0.10022395037797903,1614,ok,bank_marketing_full,0.2,naive
repair,logreg,20260804,0.9015679715817088,0.5337016816351537,0.0728107608153093,40690,ok,bank_marketing_full,0.2,naive
repair,hgb,20260804,0.9094082842120149,0.5663670733764705,0.07024715341094699,40690,ok,bank_marketing_full,0.2,naive
clean,logreg,20260805,0.9060187881937861,0.545662857696497,0.0714238474484318,33908,ok,bank_marketing_full,0.2,naive
clean,hgb,20260805,0.9341690967755527,0.6311523622153931,0.06192832469044535,33908,ok,bank_marketing_full,0.2,naive
corrupted,logreg,20260805,0.882584323224717,0.5297711707540476,0.07484189913682229,40690,ok,bank_marketing_full,0.2,naive
corrupted,hgb,20260805,0.9305890723388053,0.6172895496477508,0.0631381364277931,40690,ok,bank_marketing_full,0.2,naive
quarantine,logreg,20260805,0.8308525229706487,0.43814844357414345,0.09704063551040089,1571,ok,bank_marketing_full,0.2,naive
quarantine,hgb,20260805,0.8251714566299267,0.3666098960724379,0.12168869672805263,1571,ok,bank_marketing_full,0.2,naive
repair,logreg,20260805,0.9015243182925015,0.5340043336494144,0.07316791155861038,40690,ok,bank_marketing_full,0.2,naive
repair,hgb,20260805,0.9118618870559054,0.5708739809082723,0.07001346749277305,40690,ok,bank_marketing_full,0.2,naive
clean,logreg,20260806,0.9060187881937861,0.545662857696497,0.0714238474484318,33908,ok,bank_marketing_full,0.2,naive
clean,hgb,20260806,0.9337443866493085,0.6253713897892842,0.061942296331646184,33908,ok,bank_marketing_full,0.2,naive
corrupted,logreg,20260806,0.8782553720450096,0.5271472015380895,0.07544279220216651,40690,ok,bank_marketing_full,0.2,naive
corrupted,hgb,20260806,0.931804998331929,0.609425639627056,0.06344243487309628,40690,ok,bank_marketing_full,0.2,naive
quarantine,logreg,20260806,0.8478330461765403,0.438218386017859,0.10254290933767564,1644,ok,bank_marketing_full,0.2,naive
quarantine,hgb,20260806,0.8494708781783725,0.43850043779555886,0.11132569602366886,1644,ok,bank_marketing_full,0.2,naive
repair,logreg,20260806,0.9014959739693011,0.5366233889160827,0.07296911804041029,40690,ok,bank_marketing_full,0.2,naive
repair,hgb,20260806,0.9125193389376275,0.5644945052900039,0.06989576617929977,40690,ok,bank_marketing_full,0.2,naive
clean,logreg,20260807,0.9060187881937861,0.545662857696497,0.0714238474484318,33908,ok,bank_marketing_full,0.2,naive
clean,hgb,20260807,0.9340599635525351,0.6304585392520526,0.06171405739723577,33908,ok,bank_marketing_full,0.2,naive
corrupted,logreg,20260807,0.8811365649196408,0.5293731550597893,0.07490366693366113,40690,ok,bank_marketing_full,0.2,naive
corrupted,hgb,20260807,0.9325878018462006,0.6124637187437612,0.06328505307219917,40690,ok,bank_marketing_full,0.2,naive
quarantine,logreg,20260807,0.8334875597978064,0.42833654863160237,0.10209289083524961,1600,ok,bank_marketing_full,0.2,naive
quarantine,hgb,20260807,0.8412451130673241,0.4071030971763484,0.11161926309567594,1600,ok,bank_marketing_full,0.2,naive
repair,logreg,20260807,0.9020527049806129,0.5344157044155702,0.07282046554165283,40690,ok,bank_marketing_full,0.2,naive
repair,hgb,20260807,0.9118883367050951,0.5651999298955614,0.07052744925284152,40690,ok,bank_marketing_full,0.2,naive
clean,logreg,20260803,0.6710835078686481,0.22021639547528227,0.09471164419684215,76324,ok,diabetes_130us,0.05,naive
clean,hgb,20260803,0.6797893551895977,0.23046767674384105,0.09398754777395674,76324,ok,diabetes_130us,0.05,naive
corrupted,logreg,20260803,0.6699645100055218,0.21937017885944832,0.09480198833046748,76324,ok,diabetes_130us,0.05,naive
corrupted,hgb,20260803,0.6805917716864118,0.22846692082373143,0.09413366832235263,76324,ok,diabetes_130us,0.05,naive
quarantine,logreg,20260803,0.5411561308393152,0.13021056706734138,0.11937673852859414,526,ok,diabetes_130us,0.05,naive
quarantine,hgb,20260803,0.517414538653681,0.11912062881790753,0.12396594499694784,526,ok,diabetes_130us,0.05,naive
repair,logreg,20260803,0.6705143548806521,0.21909138116354057,0.09484036459682291,76324,ok,diabetes_130us,0.05,naive
repair,hgb,20260803,0.675109779244377,0.22591657059483264,0.0944951704788738,76324,ok,diabetes_130us,0.05,naive
clean,logreg,20260804,0.6710835078686481,0.22021639547528227,0.09471164419684215,76324,ok,diabetes_130us,0.05,naive
clean,hgb,20260804,0.6810637529732195,0.22999632587116553,0.09396931193123664,76324,ok,diabetes_130us,0.05,naive
corrupted,logreg,20260804,0.6698356178331973,0.21988166391847497,0.09477594928572668,76324,ok,diabetes_130us,0.05,naive
corrupted,hgb,20260804,0.6809540832038166,0.23081348971907906,0.09404901688264078,76324,ok,diabetes_130us,0.05,naive
quarantine,logreg,20260804,0.5538131520413218,0.14184688675278112,0.114393550789822,527,ok,diabetes_130us,0.05,naive
quarantine,hgb,20260804,0.5299542385258189,0.12194132065178272,0.12216875813766369,527,ok,diabetes_130us,0.05,naive
repair,logreg,20260804,0.6702371377541286,0.21956140192940504,0.09482786697222521,76324,ok,diabetes_130us,0.05,naive
repair,hgb,20260804,0.6762426231593848,0.22745280658375408,0.09437914671714305,76324,ok,diabetes_130us,0.05,naive
clean,logreg,20260805,0.6710835078686481,0.22021639547528227,0.09471164419684215,76324,ok,diabetes_130us,0.05,naive
clean,hgb,20260805,0.6809782534080573,0.23183903841902964,0.09391653344074583,76324,ok,diabetes_130us,0.05,naive
corrupted,logreg,20260805,0.6709744380688539,0.21978272281806469,0.09477796231566546,76324,ok,diabetes_130us,0.05,naive
corrupted,hgb,20260805,0.6801231175037986,0.23210288032892235,0.09404996458342482,76324,ok,diabetes_130us,0.05,naive
quarantine,logreg,20260805,0.5214522094519773,0.12462734432110868,0.11874289686040648,539,ok,diabetes_130us,0.05,naive
quarantine,hgb,20260805,0.5218205907917881,0.1185649889327497,0.12699640272085727,539,ok,diabetes_130us,0.05,naive
repair,logreg,20260805,0.6716003933743595,0.21958839303174554,0.09480557655225294,76324,ok,diabetes_130us,0.05,naive
repair,hgb,20260805,0.6731337754418476,0.22227730670590046,0.0946541004527991,76324,ok,diabetes_130us,0.05,naive
clean,logreg,20260806,0.6710835078686481,0.22021639547528227,0.09471164419684215,76324,ok,diabetes_130us,0.05,naive
clean,hgb,20260806,0.6813541304720715,0.22950555764166364,0.09404821873493463,76324,ok,diabetes_130us,0.05,naive
corrupted,logreg,20260806,0.6708546779014846,0.2195250899879312,0.09478084774265674,76324,ok,diabetes_130us,0.05,naive
corrupted,hgb,20260806,0.6786448703058164,0.2327720517706658,0.0940626055953588,76324,ok,diabetes_130us,0.05,naive
quarantine,logreg,20260806,0.5609480062129425,0.1519277990018968,0.11322895215489637,540,ok,diabetes_130us,0.05,naive
quarantine,hgb,20260806,0.5342649422470034,0.126629839439619,0.12173448558507682,540,ok,diabetes_130us,0.05,naive
repair,logreg,20260806,0.6712405518617081,0.21913100904132365,0.09480859448510053,76324,ok,diabetes_130us,0.05,naive
repair,hgb,20260806,0.6736807217625044,0.22329643186229758,0.09465317907282399,76324,ok,diabetes_130us,0.05,naive
clean,logreg,20260807,0.6710835078686481,0.22021639547528227,0.09471164419684215,76324,ok,diabetes_130us,0.05,naive
clean,hgb,20260807,0.6809797650197988,0.23327776046708348,0.09389486207482263,76324,ok,diabetes_130us,0.05,naive
corrupted,logreg,20260807,0.6703261124679342,0.21909572633772606,0.09482017042136495,76324,ok,diabetes_130us,0.05,naive
corrupted,hgb,20260807,0.6794813993603889,0.22813274100723419,0.0942035643938298,76324,ok,diabetes_130us,0.05,naive
quarantine,logreg,20260807,0.5442158044243691,0.14074723340475118,0.10846323283672954,537,ok,diabetes_130us,0.05,naive
quarantine,hgb,20260807,0.5315298678039431,0.12224339600935855,0.11783968718635496,537,ok,diabetes_130us,0.05,naive
repair,logreg,20260807,0.6710960604795547,0.21904916187954337,0.09482166096244041,76324,ok,diabetes_130us,0.05,naive
repair,hgb,20260807,0.6763388676348141,0.22644713561300234,0.09461930731383197,76324,ok,diabetes_130us,0.05,naive
clean,logreg,20260803,0.6710835078686481,0.22021639547528227,0.09471164419684215,76324,ok,diabetes_130us,0.1,naive
clean,hgb,20260803,0.6797893551895977,0.23046767674384105,0.09398754777395674,76324,ok,diabetes_130us,0.1,naive
corrupted,logreg,20260803,0.6707050595063104,0.22016466781161736,0.09487203849608408,76324,ok,diabetes_130us,0.1,naive
corrupted,hgb,20260803,0.6792233812613471,0.23227133661466334,0.09414584977194357,76324,ok,diabetes_130us,0.1,naive
quarantine,logreg,20260803,0.5445713916070671,0.13541565366108635,0.12986262957050637,359,ok,diabetes_130us,0.1,naive
quarantine,hgb,20260803,0.5364239991147254,0.12824610597841443,0.1410800404146406,359,ok,diabetes_130us,0.1,naive
repair,logreg,20260803,0.6706121577187016,0.21920283541283792,0.09488851472786153,76324,ok,diabetes_130us,0.1,naive
repair,hgb,20260803,0.6716211507644618,0.2192008511416442,0.09481262368678638,76324,ok,diabetes_130us,0.1,naive
clean,logreg,20260804,0.6710835078686481,0.22021639547528227,0.09471164419684215,76324,ok,diabetes_130us,0.1,naive
clean,hgb,20260804,0.6810637529732195,0.22999632587116553,0.09396931193123664,76324,ok,diabetes_130us,0.1,naive
corrupted,logreg,20260804,0.6704767437988115,0.21939636647495908,0.09484598549268053,76324,ok,diabetes_130us,0.1,naive
corrupted,hgb,20260804,0.6805556488408736,0.22979010476672868,0.09423198783063963,76324,ok,diabetes_130us,0.1,naive
quarantine,logreg,20260804,0.5593651461322601,0.14278603721576985,0.11240993766074388,348,ok,diabetes_130us,0.1,naive
quarantine,hgb,20260804,0.5152069699575893,0.11680104132996072,0.12228850173236992,348,ok,diabetes_130us,0.1,naive
repair,logreg,20260804,0.6709154774191153,0.21883728503511668,0.09498833848485536,76324,ok,diabetes_130us,0.1,naive
repair,hgb,20260804,0.6704038046363687,0.21966358490397583,0.09485810843747694,76324,ok,diabetes_130us,0.1,naive
clean,logreg,20260805,0.6710835078686481,0.22021639547528227,0.09471164419684215,76324,ok,diabetes_130us,0.1,naive
clean,hgb,20260805,0.6809782534080573,0.23183903841902964,0.09391653344074583,76324,ok,diabetes_130us,0.1,naive
corrupted,logreg,20260805,0.6707066646198092,0.21965219760498014,0.09490360629745251,76324,ok,diabetes_130us,0.1,naive
corrupted,hgb,20260805,0.6810266795264828,0.23663842937817522,0.09404361730632992,76324,ok,diabetes_130us,0.1,naive
quarantine,logreg,20260805,0.5039370083648387,0.12363412412425243,0.1184488852810026,386,ok,diabetes_130us,0.1,naive
quarantine,hgb,20260805,0.5317742346464309,0.12729241128285318,0.12275134519979389,386,ok,diabetes_130us,0.1,naive
repair,logreg,20260805,0.6711231292382691,0.2194090438998254,0.09486601919326589,76324,ok,diabetes_130us,0.1,naive
repair,hgb,20260805,0.6752796641454282,0.22582090953789113,0.09475653213610638,76324,ok,diabetes_130us,0.1,naive
clean,logreg,20260806,0.6710835078686481,0.22021639547528227,0.09471164419684215,76324,ok,diabetes_130us,0.1,naive
clean,hgb,20260806,0.6813541304720715,0.22950555764166364,0.09404821873493463,76324,ok,diabetes_130us,0.1,naive
corrupted,logreg,20260806,0.6703386884542799,0.2194889641731172,0.0949629088308929,76324,ok,diabetes_130us,0.1,naive
corrupted,hgb,20260806,0.6786880213667722,0.22576309155865204,0.09447729978295706,76324,ok,diabetes_130us,0.1,naive
quarantine,logreg,20260806,0.5520639211672972,0.1428356068715775,0.11552136187833033,381,ok,diabetes_130us,0.1,naive
quarantine,hgb,20260806,0.5177521734989933,0.11930569098096427,0.11747082510157789,381,ok,diabetes_130us,0.1,naive
repair,logreg,20260806,0.6710173164163513,0.21934756333861216,0.09498009617719946,76324,ok,diabetes_130us,0.1,naive
repair,hgb,20260806,0.6760290495622738,0.22680329777803343,0.09475800706609146,76324,ok,diabetes_130us,0.1,naive
clean,logreg,20260807,0.6710835078686481,0.22021639547528227,0.09471164419684215,76324,ok,diabetes_130us,0.1,naive
clean,hgb,20260807,0.6809797650197988,0.23327776046708348,0.09389486207482263,76324,ok,diabetes_130us,0.1,naive
corrupted,logreg,20260807,0.6708157344196036,0.21912843344110602,0.09493629439424049,76324,ok,diabetes_130us,0.1,naive
corrupted,hgb,20260807,0.678063468587625,0.23004392260180162,0.09437170885309983,76324,ok,diabetes_130us,0.1,naive
quarantine,logreg,20260807,0.5569851991549248,0.14456373010200335,0.10840386314117992,360,ok,diabetes_130us,0.1,naive
quarantine,hgb,20260807,0.5174541054806101,0.11659356937186181,0.12281817868765652,360,ok,diabetes_130us,0.1,naive
repair,logreg,20260807,0.6709041169556133,0.21881744742910497,0.09494154500852381,76324,ok,diabetes_130us,0.1,naive
repair,hgb,20260807,0.675662959015515,0.2228223805498401,0.09475953685480579,76324,ok,diabetes_130us,0.1,naive
clean,logreg,20260803,0.6710835078686481,0.22021639547528227,0.09471164419684215,76324,ok,diabetes_130us,0.2,naive
clean,hgb,20260803,0.6797893551895977,0.23046767674384105,0.09398754777395674,76324,ok,diabetes_130us,0.2,naive
corrupted,logreg,20260803,0.6700245225500292,0.21946529668197434,0.09555609065849625,76324,ok,diabetes_130us,0.2,naive
corrupted,hgb,20260803,0.677248935821438,0.22818066389314795,0.09508726583981253,76324,ok,diabetes_130us,0.2,naive
quarantine,logreg,20260803,0.4655062433694592,0.10691566614819907,0.12418747248304639,160,ok,diabetes_130us,0.2,naive
quarantine,hgb,20260803,0.5089970897110557,0.11554882389389338,0.13431091681555832,160,ok,diabetes_130us,0.2,naive
repair,logreg,20260803,0.6703102872955251,0.21900428995835383,0.09544174899517015,76324,ok,diabetes_130us,0.2,naive
repair,hgb,20260803,0.6708035246484736,0.21820979096702664,0.09536934570804637,76324,ok,diabetes_130us,0.2,naive
clean,logreg,20260804,0.6710835078686481,0.22021639547528227,0.09471164419684215,76324,ok,diabetes_130us,0.2,naive
clean,hgb,20260804,0.6810637529732195,0.22999632587116553,0.09396931193123664,76324,ok,diabetes_130us,0.2,naive
corrupted,logreg,20260804,0.6703312862318336,0.21952612380921244,0.09546469004244951,76324,ok,diabetes_130us,0.2,naive
corrupted,hgb,20260804,0.6749273806914851,0.22891881828823762,0.0950814512596047,76324,ok,diabetes_130us,0.2,naive
quarantine,logreg,20260804,0.5239755102067531,0.11844699692571653,0.12750381085141846,155,ok,diabetes_130us,0.2,naive
quarantine,hgb,20260804,0.5200016387741315,0.11697579759104845,0.12907508878297042,155,ok,diabetes_130us,0.2,naive
repair,logreg,20260804,0.6703338029874653,0.21865531548468725,0.09539448380326683,76324,ok,diabetes_130us,0.2,naive
repair,hgb,20260804,0.6729457278244572,0.2225781880122235,0.0952134125126618,76324,ok,diabetes_130us,0.2,naive
clean,logreg,20260805,0.6710835078686481,0.22021639547528227,0.09471164419684215,76324,ok,diabetes_130us,0.2,naive
clean,hgb,20260805,0.6809782534080573,0.23183903841902964,0.09391653344074583,76324,ok,diabetes_130us,0.2,naive
corrupted,logreg,20260805,0.668867765560613,0.21923398211874368,0.09541329829813056,76324,ok,diabetes_130us,0.2,naive
corrupted,hgb,20260805,0.677026986025243,0.22893168562811317,0.09493975844552865,76324,ok,diabetes_130us,0.2,naive
quarantine,logreg,20260805,0.574069435059422,0.15934059978637072,0.12446769393013091,154,ok,diabetes_130us,0.2,naive
quarantine,hgb,20260805,0.5681109732462332,0.13984345384332864,0.1495857210381164,154,ok,diabetes_130us,0.2,naive
repair,logreg,20260805,0.6697845736655698,0.21939808319479664,0.095313605265494,76324,ok,diabetes_130us,0.2,naive
repair,hgb,20260805,0.6729158695966522,0.224254728368706,0.09539075436760287,76324,ok,diabetes_130us,0.2,naive
clean,logreg,20260806,0.6710835078686481,0.22021639547528227,0.09471164419684215,76324,ok,diabetes_130us,0.2,naive
clean,hgb,20260806,0.6813541304720715,0.22950555764166364,0.09404821873493463,76324,ok,diabetes_130us,0.2,naive
corrupted,logreg,20260806,0.6698773196169164,0.21894799219661662,0.09548330973746795,76324,ok,diabetes_130us,0.2,naive
corrupted,hgb,20260806,0.6785444572103779,0.22565369584636608,0.0950634511046846,76324,ok,diabetes_130us,0.2,naive
quarantine,logreg,20260806,0.5036357145358314,0.12268921741042862,0.12393640922792132,183,ok,diabetes_130us,0.2,naive
quarantine,hgb,20260806,0.497144526460896,0.10993585635319089,0.15840138259530195,183,ok,diabetes_130us,0.2,naive
repair,logreg,20260806,0.6707558699195451,0.2187053702070252,0.09542646459746154,76324,ok,diabetes_130us,0.2,naive
repair,hgb,20260806,0.6737351943278966,0.22379620611481568,0.09517480638484445,76324,ok,diabetes_130us,0.2,naive
clean,logreg,20260807,0.6710835078686481,0.22021639547528227,0.09471164419684215,76324,ok,diabetes_130us,0.2,naive
clean,hgb,20260807,0.6809797650197988,0.23327776046708348,0.09389486207482263,76324,ok,diabetes_130us,0.2,naive
corrupted,logreg,20260807,0.669601801105649,0.21856518537583852,0.09557616041264057,76324,ok,diabetes_130us,0.2,naive
corrupted,hgb,20260807,0.6764386184261388,0.2274968671161743,0.0951381918647471,76324,ok,diabetes_130us,0.2,naive
quarantine,logreg,20260807,0.5516987890135497,0.1402903291527905,0.16687544991645936,161,ok,diabetes_130us,0.2,naive
quarantine,hgb,20260807,0.5284740355827482,0.12086913071933686,0.1509525910240307,161,ok,diabetes_130us,0.2,naive
repair,logreg,20260807,0.6698549181542497,0.21827596654792597,0.09548246668977912,76324,ok,diabetes_130us,0.2,naive
repair,hgb,20260807,0.6743587107959015,0.22229404006870518,0.09559059354957584,76324,ok,diabetes_130us,0.2,naive
clean,logreg,20260803,0.9060187881937861,0.545662857696497,0.0714238474484318,33908,ok,bank_marketing_full,0.05,census_informed
clean,hgb,20260803,0.9338031594371211,0.627013134831943,0.06194953392850486,33908,ok,bank_marketing_full,0.05,census_informed
corrupted,logreg,20260803,0.9033097832932495,0.5464226420081842,0.07151783117284528,35603,ok,bank_marketing_full,0.05,census_informed
corrupted,hgb,20260803,0.9330753393626408,0.6148335269339846,0.06263485827827737,35603,ok,bank_marketing_full,0.05,census_informed
quarantine,logreg,20260803,0.9059721792131221,0.5431271454013942,0.07150954011552224,24367,ok,bank_marketing_full,0.05,census_informed
quarantine,hgb,20260803,0.9296602652452671,0.6082462605906164,0.06359285115069971,24367,ok,bank_marketing_full,0.05,census_informed
repair,logreg,20260803,0.9059401971158212,0.545154453747672,0.07137328936855046,35603,ok,bank_marketing_full,0.05,census_informed
repair,hgb,20260803,0.933519791992077,0.6209099612701666,0.06217108300540287,35603,ok,bank_marketing_full,0.05,census_informed
clean,logreg,20260804,0.9060187881937861,0.545662857696497,0.0714238474484318,33908,ok,bank_marketing_full,0.05,census_informed
clean,hgb,20260804,0.9347268509108304,0.6335437619938029,0.061466319262384266,33908,ok,bank_marketing_full,0.05,census_informed
corrupted,logreg,20260804,0.9029602538317507,0.5475708673404982,0.07149823725151061,35603,ok,bank_marketing_full,0.05,census_informed
corrupted,hgb,20260804,0.9342425343402085,0.628307664536503,0.06185233337936837,35603,ok,bank_marketing_full,0.05,census_informed
quarantine,logreg,20260804,0.9050437131609059,0.545050402906384,0.0715084939917596,24241,ok,bank_marketing_full,0.05,census_informed
quarantine,hgb,20260804,0.9314714599190808,0.6109643519893055,0.06303016673008122,24241,ok,bank_marketing_full,0.05,census_informed
repair,logreg,20260804,0.9060184092589839,0.5465350104914866,0.07130978947457398,35603,ok,bank_marketing_full,0.05,census_informed
repair,hgb,20260804,0.9325241407994403,0.6191890590061193,0.06229665131365875,35603,ok,bank_marketing_full,0.05,census_informed
clean,logreg,20260805,0.9060187881937861,0.545662857696497,0.0714238474484318,33908,ok,bank_marketing_full,0.05,census_informed
clean,hgb,20260805,0.9341690967755527,0.6311523622153931,0.06192832469044535,33908,ok,bank_marketing_full,0.05,census_informed
corrupted,logreg,20260805,0.902801480149652,0.5470870030550897,0.07146746630676337,35603,ok,bank_marketing_full,0.05,census_informed
corrupted,hgb,20260805,0.9336642040451745,0.6279109327480974,0.0622384969511653,35603,ok,bank_marketing_full,0.05,census_informed
quarantine,logreg,20260805,0.9066272816990708,0.5464297091699304,0.07147142930158115,24245,ok,bank_marketing_full,0.05,census_informed
quarantine,hgb,20260805,0.9329070544170082,0.621288809730664,0.062322784901850455,24245,ok,bank_marketing_full,0.05,census_informed
repair,logreg,20260805,0.9058502379937919,0.5457709116049054,0.07126860008053312,35603,ok,bank_marketing_full,0.05,census_informed
repair,hgb,20260805,0.9338267670752948,0.6294762658960473,0.06171705929728326,35603,ok,bank_marketing_full,0.05,census_informed
clean,logreg,20260806,0.9060187881937861,0.545662857696497,0.0714238474484318,33908,ok,bank_marketing_full,0.05,census_informed
clean,hgb,20260806,0.9337443866493085,0.6253713897892842,0.061942296331646184,33908,ok,bank_marketing_full,0.05,census_informed
corrupted,logreg,20260806,0.9025851841645873,0.5466837539733588,0.0714376706832363,35603,ok,bank_marketing_full,0.05,census_informed
corrupted,hgb,20260806,0.9329507455996954,0.6186566216574844,0.062466725336210165,35603,ok,bank_marketing_full,0.05,census_informed
quarantine,logreg,20260806,0.9052964626739368,0.5438522480734601,0.07146760607771002,24309,ok,bank_marketing_full,0.05,census_informed
quarantine,hgb,20260806,0.9315872623946163,0.6044615914829704,0.0634235898608805,24309,ok,bank_marketing_full,0.05,census_informed
repair,logreg,20260806,0.9058000670259878,0.5455229971620899,0.07125515553758006,35603,ok,bank_marketing_full,0.05,census_informed
repair,hgb,20260806,0.931963089931384,0.6187292946636633,0.06257460733291342,35603,ok,bank_marketing_full,0.05,census_informed
clean,logreg,20260807,0.9060187881937861,0.545662857696497,0.0714238474484318,33908,ok,bank_marketing_full,0.05,census_informed
clean,hgb,20260807,0.9340599635525351,0.6304585392520526,0.06171405739723577,33908,ok,bank_marketing_full,0.05,census_informed
corrupted,logreg,20260807,0.9028310370642193,0.5472660716033925,0.07147062732888348,35603,ok,bank_marketing_full,0.05,census_informed
corrupted,hgb,20260807,0.934213811082206,0.6245006351623745,0.06228609547349185,35603,ok,bank_marketing_full,0.05,census_informed
quarantine,logreg,20260807,0.9066102296329744,0.5444519146437257,0.07128786591075775,24258,ok,bank_marketing_full,0.05,census_informed
quarantine,hgb,20260807,0.93172216318418,0.6090933993804358,0.06337148690107247,24258,ok,bank_marketing_full,0.05,census_informed
repair,logreg,20260807,0.906062593056914,0.5457218513093484,0.07132021327352557,35603,ok,bank_marketing_full,0.05,census_informed
repair,hgb,20260807,0.9330516938309871,0.6140297352653366,0.06270310049133034,35603,ok,bank_marketing_full,0.05,census_informed
clean,logreg,20260803,0.9060187881937861,0.545662857696497,0.0714238474484318,33908,ok,bank_marketing_full,0.1,census_informed
clean,hgb,20260803,0.9338031594371211,0.627013134831943,0.06194953392850486,33908,ok,bank_marketing_full,0.1,census_informed
corrupted,logreg,20260803,0.8975226909948872,0.5443523682657274,0.07223235834715186,37299,ok,bank_marketing_full,0.1,census_informed
corrupted,hgb,20260803,0.9317357290500967,0.6073408415701068,0.06330536749118224,37299,ok,bank_marketing_full,0.1,census_informed
quarantine,logreg,20260803,0.9052828210210597,0.5450907584090802,0.07143528462025428,17709,ok,bank_marketing_full,0.1,census_informed
quarantine,hgb,20260803,0.9281878382845712,0.605370593248895,0.06430334213599163,17709,ok,bank_marketing_full,0.1,census_informed
repair,logreg,20260803,0.9060697170311945,0.5458950119086262,0.07120192924004942,37299,ok,bank_marketing_full,0.1,census_informed
repair,hgb,20260803,0.930542766505983,0.607101275184643,0.06361145662434135,37299,ok,bank_marketing_full,0.1,census_informed
clean,logreg,20260804,0.9060187881937861,0.545662857696497,0.0714238474484318,33908,ok,bank_marketing_full,0.1,census_informed
clean,hgb,20260804,0.9347268509108304,0.6335437619938029,0.061466319262384266,33908,ok,bank_marketing_full,0.1,census_informed
corrupted,logreg,20260804,0.8971836959208883,0.5454933401527153,0.07213934534731041,37299,ok,bank_marketing_full,0.1,census_informed
corrupted,hgb,20260804,0.9318405424163702,0.610886411190184,0.06315709638257025,37299,ok,bank_marketing_full,0.1,census_informed
quarantine,logreg,20260804,0.9034279351645585,0.5429104219240993,0.07156870570487105,17780,ok,bank_marketing_full,0.1,census_informed
quarantine,hgb,20260804,0.9279734369735175,0.5960042550093083,0.06448165858358845,17780,ok,bank_marketing_full,0.1,census_informed
repair,logreg,20260804,0.9054272709676372,0.5458568331068321,0.07116833780852025,37299,ok,bank_marketing_full,0.1,census_informed
repair,hgb,20260804,0.9308683472879863,0.6110561565392986,0.0633954158634884,37299,ok,bank_marketing_full,0.1,census_informed
clean,logreg,20260805,0.9060187881937861,0.545662857696497,0.0714238474484318,33908,ok,bank_marketing_full,0.1,census_informed
clean,hgb,20260805,0.9341690967755527,0.6311523622153931,0.06192832469044535,33908,ok,bank_marketing_full,0.1,census_informed
corrupted,logreg,20260805,0.8989087587141743,0.544433547404884,0.07221378959280066,37299,ok,bank_marketing_full,0.1,census_informed
corrupted,hgb,20260805,0.9325291427388286,0.6209319522718858,0.06280653590062536,37299,ok,bank_marketing_full,0.1,census_informed
quarantine,logreg,20260805,0.9055772533623263,0.547438445448472,0.07161564799734714,17808,ok,bank_marketing_full,0.1,census_informed
quarantine,hgb,20260805,0.9272898764839277,0.6043242746665081,0.06414270274683595,17808,ok,bank_marketing_full,0.1,census_informed
repair,logreg,20260805,0.9058675932077302,0.5448783802505663,0.07144737694245305,37299,ok,bank_marketing_full,0.1,census_informed
repair,hgb,20260805,0.9311594071095141,0.6079602297868005,0.06353339656080252,37299,ok,bank_marketing_full,0.1,census_informed
clean,logreg,20260806,0.9060187881937861,0.545662857696497,0.0714238474484318,33908,ok,bank_marketing_full,0.1,census_informed
clean,hgb,20260806,0.9337443866493085,0.6253713897892842,0.061942296331646184,33908,ok,bank_marketing_full,0.1,census_informed
corrupted,logreg,20260806,0.897933683681294,0.5461937071715076,0.07207866265686191,37299,ok,bank_marketing_full,0.1,census_informed
corrupted,hgb,20260806,0.9316903326607999,0.6087635993188659,0.06332690678592261,37299,ok,bank_marketing_full,0.1,census_informed
quarantine,logreg,20260806,0.9056807783502725,0.5442123471972027,0.07147397993157857,17920,ok,bank_marketing_full,0.1,census_informed
quarantine,hgb,20260806,0.9263265863233943,0.5900656875889435,0.06613042055260675,17920,ok,bank_marketing_full,0.1,census_informed
repair,logreg,20260806,0.9058207568661849,0.5466335001014044,0.0711639563383975,37299,ok,bank_marketing_full,0.1,census_informed
repair,hgb,20260806,0.928597769953532,0.6068698390230023,0.06393487468408351,37299,ok,bank_marketing_full,0.1,census_informed
clean,logreg,20260807,0.9060187881937861,0.545662857696497,0.0714238474484318,33908,ok,bank_marketing_full,0.1,census_informed
clean,hgb,20260807,0.9340599635525351,0.6304585392520526,0.06171405739723577,33908,ok,bank_marketing_full,0.1,census_informed
corrupted,logreg,20260807,0.8946583228254713,0.5432333784528189,0.0726391775190695,37299,ok,bank_marketing_full,0.1,census_informed
corrupted,hgb,20260807,0.9322666924948627,0.6221146817372342,0.06283218971661024,37299,ok,bank_marketing_full,0.1,census_informed
quarantine,logreg,20260807,0.9052237071919249,0.5441924292389011,0.07149437826610862,17784,ok,bank_marketing_full,0.1,census_informed
quarantine,hgb,20260807,0.9284863631217014,0.5868968149305083,0.0655365056233216,17784,ok,bank_marketing_full,0.1,census_informed
repair,logreg,20260807,0.9054767598527974,0.5454283620167314,0.0712962856163578,37299,ok,bank_marketing_full,0.1,census_informed
repair,hgb,20260807,0.9295020599653716,0.6092883903174446,0.06354787351723516,37299,ok,bank_marketing_full,0.1,census_informed
clean,logreg,20260803,0.9060187881937861,0.545662857696497,0.0714238474484318,33908,ok,bank_marketing_full,0.2,census_informed
clean,hgb,20260803,0.9338031594371211,0.627013134831943,0.06194953392850486,33908,ok,bank_marketing_full,0.2,census_informed
corrupted,logreg,20260803,0.8788788713684593,0.5298038447288842,0.07508146999373785,40690,ok,bank_marketing_full,0.2,census_informed
corrupted,hgb,20260803,0.9313869574582023,0.6179324331998071,0.06357433429231563,40690,ok,bank_marketing_full,0.2,census_informed
quarantine,logreg,20260803,0.9027869290532496,0.5420848769771511,0.07193020445697994,8966,ok,bank_marketing_full,0.2,census_informed
quarantine,hgb,20260803,0.9171002817607615,0.5663766388829355,0.07081570880294386,8966,ok,bank_marketing_full,0.2,census_informed
repair,logreg,20260803,0.9050510644960675,0.5466569606532049,0.07111520072199304,40690,ok,bank_marketing_full,0.2,census_informed
repair,hgb,20260803,0.9295047125089865,0.6138290808544313,0.0633676266500658,40690,ok,bank_marketing_full,0.2,census_informed
clean,logreg,20260804,0.9060187881937861,0.545662857696497,0.0714238474484318,33908,ok,bank_marketing_full,0.2,census_informed
clean,hgb,20260804,0.9347268509108304,0.6335437619938029,0.061466319262384266,33908,ok,bank_marketing_full,0.2,census_informed
corrupted,logreg,20260804,0.8830472299790176,0.5326305014306036,0.07472499991739982,40690,ok,bank_marketing_full,0.2,census_informed
corrupted,hgb,20260804,0.9323078448143757,0.6210197913680741,0.06288313042317825,40690,ok,bank_marketing_full,0.2,census_informed
quarantine,logreg,20260804,0.9040931173162443,0.5393066588846491,0.0719002155434182,9070,ok,bank_marketing_full,0.2,census_informed
quarantine,hgb,20260804,0.9182594433205239,0.5808682334453923,0.0696222338940805,9070,ok,bank_marketing_full,0.2,census_informed
repair,logreg,20260804,0.9054785029528872,0.545067749285793,0.07137917962589221,40690,ok,bank_marketing_full,0.2,census_informed
repair,hgb,20260804,0.9272253438871221,0.6063229112918348,0.06406259187991915,40690,ok,bank_marketing_full,0.2,census_informed
clean,logreg,20260805,0.9060187881937861,0.545662857696497,0.0714238474484318,33908,ok,bank_marketing_full,0.2,census_informed
clean,hgb,20260805,0.9341690967755527,0.6311523622153931,0.06192832469044535,33908,ok,bank_marketing_full,0.2,census_informed
corrupted,logreg,20260805,0.882584323224717,0.5297711707540476,0.07484189913682229,40690,ok,bank_marketing_full,0.2,census_informed
corrupted,hgb,20260805,0.9305890723388053,0.6172895496477508,0.0631381364277931,40690,ok,bank_marketing_full,0.2,census_informed
quarantine,logreg,20260805,0.8971800581467877,0.5329389435625523,0.07242091859169386,8990,ok,bank_marketing_full,0.2,census_informed
quarantine,hgb,20260805,0.9147612688010398,0.549269275070077,0.07123492305186088,8990,ok,bank_marketing_full,0.2,census_informed
repair,logreg,20260805,0.9055329937774358,0.5450030143271422,0.0712334182366005,40690,ok,bank_marketing_full,0.2,census_informed
repair,hgb,20260805,0.9289710207336449,0.6142561390223912,0.06337969613251208,40690,ok,bank_marketing_full,0.2,census_informed
clean,logreg,20260806,0.9060187881937861,0.545662857696497,0.0714238474484318,33908,ok,bank_marketing_full,0.2,census_informed
clean,hgb,20260806,0.9337443866493085,0.6253713897892842,0.061942296331646184,33908,ok,bank_marketing_full,0.2,census_informed
corrupted,logreg,20260806,0.8782553720450096,0.5271472015380895,0.07544279220216651,40690,ok,bank_marketing_full,0.2,census_informed
corrupted,hgb,20260806,0.931804998331929,0.609425639627056,0.06344243487309628,40690,ok,bank_marketing_full,0.2,census_informed
quarantine,logreg,20260806,0.9032296006891157,0.5374521613579077,0.07229497918214743,8970,ok,bank_marketing_full,0.2,census_informed
quarantine,hgb,20260806,0.9138926744475623,0.5704838016420375,0.07268655297517455,8970,ok,bank_marketing_full,0.2,census_informed
repair,logreg,20260806,0.9053933941963254,0.5469501419691734,0.0710686581366252,40690,ok,bank_marketing_full,0.2,census_informed
repair,hgb,20260806,0.9291961837930798,0.6109547337670616,0.06357695276163929,40690,ok,bank_marketing_full,0.2,census_informed
clean,logreg,20260807,0.9060187881937861,0.545662857696497,0.0714238474484318,33908,ok,bank_marketing_full,0.2,census_informed
clean,hgb,20260807,0.9340599635525351,0.6304585392520526,0.06171405739723577,33908,ok,bank_marketing_full,0.2,census_informed
corrupted,logreg,20260807,0.8811365649196408,0.5293731550597893,0.07490366693366113,40690,ok,bank_marketing_full,0.2,census_informed
corrupted,hgb,20260807,0.9325878018462006,0.6124637187437612,0.06328505307219917,40690,ok,bank_marketing_full,0.2,census_informed
quarantine,logreg,20260807,0.9050715269753832,0.5420625642538975,0.07177565694134194,8991,ok,bank_marketing_full,0.2,census_informed
quarantine,hgb,20260807,0.9250858022072497,0.5847994267568857,0.06791870663325816,8991,ok,bank_marketing_full,0.2,census_informed
repair,logreg,20260807,0.905063190409736,0.5443596225130198,0.0713709064640346,40690,ok,bank_marketing_full,0.2,census_informed
repair,hgb,20260807,0.9308322726948222,0.6084688962967555,0.06342472169404689,40690,ok,bank_marketing_full,0.2,census_informed
clean,logreg,20260803,0.6710835078686481,0.22021639547528227,0.09471164419684215,76324,ok,diabetes_130us,0.05,census_informed
clean,hgb,20260803,0.6797893551895977,0.23046767674384105,0.09398754777395674,76324,ok,diabetes_130us,0.05,census_informed
corrupted,logreg,20260803,0.6699645100055218,0.21937017885944832,0.09480198833046748,76324,ok,diabetes_130us,0.05,census_informed
corrupted,hgb,20260803,0.6805917716864118,0.22846692082373143,0.09413366832235263,76324,ok,diabetes_130us,0.05,census_informed
quarantine,logreg,20260803,0.6678650527162127,0.2187351467722755,0.09478715722185155,52180,ok,diabetes_130us,0.05,census_informed
quarantine,hgb,20260803,0.6756554009568067,0.2299018488950432,0.09407265692787181,52180,ok,diabetes_130us,0.05,census_informed
repair,logreg,20260803,0.6705143548806521,0.21909138116354057,0.09484036459682291,76324,ok,diabetes_130us,0.05,census_informed
repair,hgb,20260803,0.675109779244377,0.22591657059483264,0.0944951704788738,76324,ok,diabetes_130us,0.05,census_informed
clean,logreg,20260804,0.6710835078686481,0.22021639547528227,0.09471164419684215,76324,ok,diabetes_130us,0.05,census_informed
clean,hgb,20260804,0.6810637529732195,0.22999632587116553,0.09396931193123664,76324,ok,diabetes_130us,0.05,census_informed
corrupted,logreg,20260804,0.6698356178331973,0.21988166391847497,0.09477594928572668,76324,ok,diabetes_130us,0.05,census_informed
corrupted,hgb,20260804,0.6809540832038166,0.23081348971907906,0.09404901688264078,76324,ok,diabetes_130us,0.05,census_informed
quarantine,logreg,20260804,0.6689360218433819,0.21950172649547056,0.09478400630072295,52135,ok,diabetes_130us,0.05,census_informed
quarantine,hgb,20260804,0.6765750998244239,0.2293123366483141,0.09409191768298354,52135,ok,diabetes_130us,0.05,census_informed
repair,logreg,20260804,0.6702371377541286,0.21956140192940504,0.09482786697222521,76324,ok,diabetes_130us,0.05,census_informed
repair,hgb,20260804,0.6762426231593848,0.22745280658375408,0.09437914671714305,76324,ok,diabetes_130us,0.05,census_informed
clean,logreg,20260805,0.6710835078686481,0.22021639547528227,0.09471164419684215,76324,ok,diabetes_130us,0.05,census_informed
clean,hgb,20260805,0.6809782534080573,0.23183903841902964,0.09391653344074583,76324,ok,diabetes_130us,0.05,census_informed
corrupted,logreg,20260805,0.6709744380688539,0.21978272281806469,0.09477796231566546,76324,ok,diabetes_130us,0.05,census_informed
corrupted,hgb,20260805,0.6801231175037986,0.23210288032892235,0.09404996458342482,76324,ok,diabetes_130us,0.05,census_informed
quarantine,logreg,20260805,0.6676499675073602,0.2172499924567776,0.09487441726193596,52098,ok,diabetes_130us,0.05,census_informed
quarantine,hgb,20260805,0.675978917036779,0.22316381193161144,0.09435659830370069,52098,ok,diabetes_130us,0.05,census_informed
repair,logreg,20260805,0.6716003933743595,0.21958839303174554,0.09480557655225294,76324,ok,diabetes_130us,0.05,census_informed
repair,hgb,20260805,0.6731337754418476,0.22227730670590046,0.0946541004527991,76324,ok,diabetes_130us,0.05,census_informed
clean,logreg,20260806,0.6710835078686481,0.22021639547528227,0.09471164419684215,76324,ok,diabetes_130us,0.05,census_informed
clean,hgb,20260806,0.6813541304720715,0.22950555764166364,0.09404821873493463,76324,ok,diabetes_130us,0.05,census_informed
corrupted,logreg,20260806,0.6708546779014846,0.2195250899879312,0.09478084774265674,76324,ok,diabetes_130us,0.05,census_informed
corrupted,hgb,20260806,0.6786448703058164,0.2327720517706658,0.0940626055953588,76324,ok,diabetes_130us,0.05,census_informed
quarantine,logreg,20260806,0.6710667710541063,0.2200261974113819,0.09471456992127913,52109,ok,diabetes_130us,0.05,census_informed
quarantine,hgb,20260806,0.6802809484699817,0.22579323702858062,0.09416648436250324,52109,ok,diabetes_130us,0.05,census_informed
repair,logreg,20260806,0.6712405518617081,0.21913100904132365,0.09480859448510053,76324,ok,diabetes_130us,0.05,census_informed
repair,hgb,20260806,0.6736807217625044,0.22329643186229758,0.09465317907282399,76324,ok,diabetes_130us,0.05,census_informed
clean,logreg,20260807,0.6710835078686481,0.22021639547528227,0.09471164419684215,76324,ok,diabetes_130us,0.05,census_informed
clean,hgb,20260807,0.6809797650197988,0.23327776046708348,0.09389486207482263,76324,ok,diabetes_130us,0.05,census_informed
corrupted,logreg,20260807,0.6703261124679342,0.21909572633772606,0.09482017042136495,76324,ok,diabetes_130us,0.05,census_informed
corrupted,hgb,20260807,0.6794813993603889,0.22813274100723419,0.0942035643938298,76324,ok,diabetes_130us,0.05,census_informed
quarantine,logreg,20260807,0.6712105767567068,0.21878995957542755,0.09480195098000892,52226,ok,diabetes_130us,0.05,census_informed
quarantine,hgb,20260807,0.6790458993425221,0.22806752374543116,0.09410797712113014,52226,ok,diabetes_130us,0.05,census_informed
repair,logreg,20260807,0.6710960604795547,0.21904916187954337,0.09482166096244041,76324,ok,diabetes_130us,0.05,census_informed
repair,hgb,20260807,0.6763388676348141,0.22644713561300234,0.09461930731383197,76324,ok,diabetes_130us,0.05,census_informed
clean,logreg,20260803,0.6710835078686481,0.22021639547528227,0.09471164419684215,76324,ok,diabetes_130us,0.1,census_informed
clean,hgb,20260803,0.6797893551895977,0.23046767674384105,0.09398754777395674,76324,ok,diabetes_130us,0.1,census_informed
corrupted,logreg,20260803,0.6707050595063104,0.22016466781161736,0.09487203849608408,76324,ok,diabetes_130us,0.1,census_informed
corrupted,hgb,20260803,0.6792233812613471,0.23227133661466334,0.09414584977194357,76324,ok,diabetes_130us,0.1,census_informed
quarantine,logreg,20260803,0.6675389185870382,0.21824173380000933,0.0948071767024337,35759,ok,diabetes_130us,0.1,census_informed
quarantine,hgb,20260803,0.6734292955373467,0.2219665596691365,0.094467404884039,35759,ok,diabetes_130us,0.1,census_informed
repair,logreg,20260803,0.6706121577187016,0.21920283541283792,0.09488851472786153,76324,ok,diabetes_130us,0.1,census_informed
repair,hgb,20260803,0.6716211507644618,0.2192008511416442,0.09481262368678638,76324,ok,diabetes_130us,0.1,census_informed
clean,logreg,20260804,0.6710835078686481,0.22021639547528227,0.09471164419684215,76324,ok,diabetes_130us,0.1,census_informed
clean,hgb,20260804,0.6810637529732195,0.22999632587116553,0.09396931193123664,76324,ok,diabetes_130us,0.1,census_informed
corrupted,logreg,20260804,0.6704767437988115,0.21939636647495908,0.09484598549268053,76324,ok,diabetes_130us,0.1,census_informed
corrupted,hgb,20260804,0.6805556488408736,0.22979010476672868,0.09423198783063963,76324,ok,diabetes_130us,0.1,census_informed
quarantine,logreg,20260804,0.6676583826655098,0.21621995951760886,0.09491675953557097,35645,ok,diabetes_130us,0.1,census_informed
quarantine,hgb,20260804,0.6750638620897702,0.22350936559845458,0.09443482843856542,35645,ok,diabetes_130us,0.1,census_informed
repair,logreg,20260804,0.6709154774191153,0.21883728503511668,0.09498833848485536,76324,ok,diabetes_130us,0.1,census_informed
repair,hgb,20260804,0.6704038046363687,0.21966358490397583,0.09485810843747694,76324,ok,diabetes_130us,0.1,census_informed
clean,logreg,20260805,0.6710835078686481,0.22021639547528227,0.09471164419684215,76324,ok,diabetes_130us,0.1,census_informed
clean,hgb,20260805,0.6809782534080573,0.23183903841902964,0.09391653344074583,76324,ok,diabetes_130us,0.1,census_informed
corrupted,logreg,20260805,0.6707066646198092,0.21965219760498014,0.09490360629745251,76324,ok,diabetes_130us,0.1,census_informed
corrupted,hgb,20260805,0.6810266795264828,0.23663842937817522,0.09404361730632992,76324,ok,diabetes_130us,0.1,census_informed
quarantine,logreg,20260805,0.671633064446694,0.21811139252220269,0.09484708481130427,35629,ok,diabetes_130us,0.1,census_informed
quarantine,hgb,20260805,0.6745209908873655,0.22331290353002525,0.094384888462714,35629,ok,diabetes_130us,0.1,census_informed
repair,logreg,20260805,0.6711231292382691,0.2194090438998254,0.09486601919326589,76324,ok,diabetes_130us,0.1,census_informed
repair,hgb,20260805,0.6752796641454282,0.22582090953789113,0.09475653213610638,76324,ok,diabetes_130us,0.1,census_informed
clean,logreg,20260806,0.6710835078686481,0.22021639547528227,0.09471164419684215,76324,ok,diabetes_130us,0.1,census_informed
clean,hgb,20260806,0.6813541304720715,0.22950555764166364,0.09404821873493463,76324,ok,diabetes_130us,0.1,census_informed
corrupted,logreg,20260806,0.6703386884542799,0.2194889641731172,0.0949629088308929,76324,ok,diabetes_130us,0.1,census_informed
corrupted,hgb,20260806,0.6786880213667722,0.22576309155865204,0.09447729978295706,76324,ok,diabetes_130us,0.1,census_informed
quarantine,logreg,20260806,0.667813611166117,0.21795837359493042,0.0948477491723728,35729,ok,diabetes_130us,0.1,census_informed
quarantine,hgb,20260806,0.6745405171709977,0.22215226589566361,0.09446836333696208,35729,ok,diabetes_130us,0.1,census_informed
repair,logreg,20260806,0.6710173164163513,0.21934756333861216,0.09498009617719946,76324,ok,diabetes_130us,0.1,census_informed
repair,hgb,20260806,0.6760290495622738,0.22680329777803343,0.09475800706609146,76324,ok,diabetes_130us,0.1,census_informed
clean,logreg,20260807,0.6710835078686481,0.22021639547528227,0.09471164419684215,76324,ok,diabetes_130us,0.1,census_informed
clean,hgb,20260807,0.6809797650197988,0.23327776046708348,0.09389486207482263,76324,ok,diabetes_130us,0.1,census_informed
corrupted,logreg,20260807,0.6708157344196036,0.21912843344110602,0.09493629439424049,76324,ok,diabetes_130us,0.1,census_informed
corrupted,hgb,20260807,0.678063468587625,0.23004392260180162,0.09437170885309983,76324,ok,diabetes_130us,0.1,census_informed
quarantine,logreg,20260807,0.6684095446157425,0.21586064344535516,0.09495091112050455,35573,ok,diabetes_130us,0.1,census_informed
quarantine,hgb,20260807,0.6755963857643761,0.22041815276259605,0.09450520606446318,35573,ok,diabetes_130us,0.1,census_informed
repair,logreg,20260807,0.6709041169556133,0.21881744742910497,0.09494154500852381,76324,ok,diabetes_130us,0.1,census_informed
repair,hgb,20260807,0.675662959015515,0.2228223805498401,0.09475953685480579,76324,ok,diabetes_130us,0.1,census_informed
clean,logreg,20260803,0.6710835078686481,0.22021639547528227,0.09471164419684215,76324,ok,diabetes_130us,0.2,census_informed
clean,hgb,20260803,0.6797893551895977,0.23046767674384105,0.09398754777395674,76324,ok,diabetes_130us,0.2,census_informed
corrupted,logreg,20260803,0.6700245225500292,0.21946529668197434,0.09555609065849625,76324,ok,diabetes_130us,0.2,census_informed
corrupted,hgb,20260803,0.677248935821438,0.22818066389314795,0.09508726583981253,76324,ok,diabetes_130us,0.2,census_informed
quarantine,logreg,20260803,0.6524002360794701,0.21349696292003534,0.09519024865735307,15757,ok,diabetes_130us,0.2,census_informed
quarantine,hgb,20260803,0.6602334237084957,0.20951483761541032,0.09527869227803897,15757,ok,diabetes_130us,0.2,census_informed
repair,logreg,20260803,0.6703102872955251,0.21900428995835383,0.09544174899517015,76324,ok,diabetes_130us,0.2,census_informed
repair,hgb,20260803,0.6708035246484736,0.21820979096702664,0.09536934570804637,76324,ok,diabetes_130us,0.2,census_informed
clean,logreg,20260804,0.6710835078686481,0.22021639547528227,0.09471164419684215,76324,ok,diabetes_130us,0.2,census_informed
clean,hgb,20260804,0.6810637529732195,0.22999632587116553,0.09396931193123664,76324,ok,diabetes_130us,0.2,census_informed
corrupted,logreg,20260804,0.6703312862318336,0.21952612380921244,0.09546469004244951,76324,ok,diabetes_130us,0.2,census_informed
corrupted,hgb,20260804,0.6749273806914851,0.22891881828823762,0.0950814512596047,76324,ok,diabetes_130us,0.2,census_informed
quarantine,logreg,20260804,0.6656630707501149,0.2184133038927271,0.09485217156314953,15558,ok,diabetes_130us,0.2,census_informed
quarantine,hgb,20260804,0.6622867300888047,0.2094492084106662,0.09524556341003362,15558,ok,diabetes_130us,0.2,census_informed
repair,logreg,20260804,0.6703338029874653,0.21865531548468725,0.09539448380326683,76324,ok,diabetes_130us,0.2,census_informed
repair,hgb,20260804,0.6729457278244572,0.2225781880122235,0.0952134125126618,76324,ok,diabetes_130us,0.2,census_informed
clean,logreg,20260805,0.6710835078686481,0.22021639547528227,0.09471164419684215,76324,ok,diabetes_130us,0.2,census_informed
clean,hgb,20260805,0.6809782534080573,0.23183903841902964,0.09391653344074583,76324,ok,diabetes_130us,0.2,census_informed
corrupted,logreg,20260805,0.668867765560613,0.21923398211874368,0.09541329829813056,76324,ok,diabetes_130us,0.2,census_informed
corrupted,hgb,20260805,0.677026986025243,0.22893168562811317,0.09493975844552865,76324,ok,diabetes_130us,0.2,census_informed
quarantine,logreg,20260805,0.6649965902246687,0.2140943034034526,0.09513187061835437,15697,ok,diabetes_130us,0.2,census_informed
quarantine,hgb,20260805,0.6642440257480776,0.21119888024677683,0.09512579665580853,15697,ok,diabetes_130us,0.2,census_informed
repair,logreg,20260805,0.6697845736655698,0.21939808319479664,0.095313605265494,76324,ok,diabetes_130us,0.2,census_informed
repair,hgb,20260805,0.6729158695966522,0.224254728368706,0.09539075436760287,76324,ok,diabetes_130us,0.2,census_informed
clean,logreg,20260806,0.6710835078686481,0.22021639547528227,0.09471164419684215,76324,ok,diabetes_130us,0.2,census_informed
clean,hgb,20260806,0.6813541304720715,0.22950555764166364,0.09404821873493463,76324,ok,diabetes_130us,0.2,census_informed
corrupted,logreg,20260806,0.6698773196169164,0.21894799219661662,0.09548330973746795,76324,ok,diabetes_130us,0.2,census_informed
corrupted,hgb,20260806,0.6785444572103779,0.22565369584636608,0.0950634511046846,76324,ok,diabetes_130us,0.2,census_informed
quarantine,logreg,20260806,0.6633464088787897,0.21433880293208896,0.09511241058026122,15661,ok,diabetes_130us,0.2,census_informed
quarantine,hgb,20260806,0.6672093171010335,0.21481915067977073,0.0949405352494753,15661,ok,diabetes_130us,0.2,census_informed
repair,logreg,20260806,0.6707558699195451,0.2187053702070252,0.09542646459746154,76324,ok,diabetes_130us,0.2,census_informed
repair,hgb,20260806,0.6737351943278966,0.22379620611481568,0.09517480638484445,76324,ok,diabetes_130us,0.2,census_informed
clean,logreg,20260807,0.6710835078686481,0.22021639547528227,0.09471164419684215,76324,ok,diabetes_130us,0.2,census_informed
clean,hgb,20260807,0.6809797650197988,0.23327776046708348,0.09389486207482263,76324,ok,diabetes_130us,0.2,census_informed
corrupted,logreg,20260807,0.669601801105649,0.21856518537583852,0.09557616041264057,76324,ok,diabetes_130us,0.2,census_informed
corrupted,hgb,20260807,0.6764386184261388,0.2274968671161743,0.0951381918647471,76324,ok,diabetes_130us,0.2,census_informed
quarantine,logreg,20260807,0.6669358945874904,0.2162899252616532,0.09494882395141847,15630,ok,diabetes_130us,0.2,census_informed
quarantine,hgb,20260807,0.6638002975755758,0.20859717557617208,0.09518634779400134,15630,ok,diabetes_130us,0.2,census_informed
repair,logreg,20260807,0.6698549181542497,0.21827596654792597,0.09548246668977912,76324,ok,diabetes_130us,0.2,census_informed
repair,hgb,20260807,0.6743587107959015,0.22229404006870518,0.09559059354957584,76324,ok,diabetes_130us,0.2,census_informed
