dataset,rate,seed,scoring,precision,recall,f1,tp,fp,fn
bank_marketing_full,0.0,20260803,restricted,,,,0,0,0
bank_marketing_full,0.0,20260804,restricted,,,,0,0,0
bank_marketing_full,0.0,20260805,restricted,,,,0,0,0
bank_marketing_full,0.0,20260806,restricted,,,,0,0,0
bank_marketing_full,0.0,20260807,restricted,,,,0,0,0
bank_marketing_full,0.0,20260808,restricted,,,,0,0,0
bank_marketing_full,0.0,20260809,restricted,,,,0,0,0
bank_marketing_full,0.0,20260810,restricted,,,,0,0,0
bank_marketing_full,0.0,20260811,restricted,,,,0,0,0
bank_marketing_full,0.0,20260812,restricted,,,,0,0,0
bank_marketing_full,0.01,20260803,naive,1.0,0.736676,0.848374,3027,0,1082
bank_marketing_full,0.01,20260803,restricted,1.0,0.736006,0.84793,3011,0,1080
bank_marketing_full,0.01,20260804,naive,1.0,0.737022,0.848604,3024,0,1079
bank_marketing_full,0.01,20260804,restricted,1.0,0.73643,0.848212,3012,0,1078
bank_marketing_full,0.01,20260805,naive,1.0,0.734048,0.846629,3014,0,1092
bank_marketing_full,0.01,20260805,restricted,1.0,0.733839,0.846491,2997,0,1087
bank_marketing_full,0.01,20260806,naive,1.0,0.734211,0.846738,3011,0,1090
bank_marketing_full,0.01,20260806,restricted,1.0,0.733513,0.846274,2992,0,1087
bank_marketing_full,0.01,20260807,naive,1.0,0.734425,0.84688,3006,0,1087
bank_marketing_full,0.01,20260807,restricted,1.0,0.73371,0.846405,2984,0,1083
bank_marketing_full,0.01,20260808,naive,1.0,0.730112,0.844006,2992,0,1106
bank_marketing_full,0.01,20260808,restricted,1.0,0.729723,0.843746,2978,0,1103
bank_marketing_full,0.01,20260809,naive,1.0,0.735265,0.847439,3019,0,1087
bank_marketing_full,0.01,20260809,restricted,1.0,0.734609,0.847002,2995,0,1082
bank_marketing_full,0.01,20260810,naive,1.0,0.734957,0.847234,3017,0,1088
bank_marketing_full,0.01,20260810,restricted,1.0,0.735164,0.847371,2998,0,1080
bank_marketing_full,0.01,20260811,naive,1.0,0.730441,0.844225,2997,0,1106
bank_marketing_full,0.01,20260811,restricted,1.0,0.729013,0.843271,2970,0,1104
bank_marketing_full,0.01,20260812,naive,1.0,0.730105,0.844001,3000,0,1109
bank_marketing_full,0.01,20260812,restricted,1.0,0.730073,0.84398,2986,0,1104
bank_marketing_full,0.02,20260803,naive,1.0,0.734435,0.846887,6087,0,2201
bank_marketing_full,0.02,20260803,restricted,1.0,0.734117,0.846676,6055,0,2193
bank_marketing_full,0.02,20260804,naive,1.0,0.738584,0.849639,6114,0,2164
bank_marketing_full,0.02,20260804,restricted,1.0,0.737647,0.849018,6076,0,2161
bank_marketing_full,0.02,20260805,naive,1.0,0.735767,0.847772,6087,0,2186
bank_marketing_full,0.02,20260805,restricted,1.0,0.735544,0.847624,6055,0,2177
bank_marketing_full,0.02,20260806,naive,1.0,0.73463,0.847016,6082,0,2197
bank_marketing_full,0.02,20260806,restricted,1.0,0.734288,0.846789,6052,0,2190
bank_marketing_full,0.02,20260807,naive,1.0,0.733172,0.846047,6078,0,2212
bank_marketing_full,0.02,20260807,restricted,1.0,0.732711,0.845739,6039,0,2203
bank_marketing_full,0.02,20260808,naive,1.0,0.73589,0.847853,6102,0,2190
bank_marketing_full,0.02,20260808,restricted,1.0,0.735561,0.847635,6075,0,2184
bank_marketing_full,0.02,20260809,naive,1.0,0.733156,0.846036,6072,0,2210
bank_marketing_full,0.02,20260809,restricted,1.0,0.733325,0.846148,6036,0,2195
bank_marketing_full,0.02,20260810,naive,1.0,0.734526,0.846947,6076,0,2196
bank_marketing_full,0.02,20260810,restricted,1.0,0.733503,0.846267,6036,0,2193
bank_marketing_full,0.02,20260811,naive,1.0,0.732962,0.845907,6055,0,2206
bank_marketing_full,0.02,20260811,restricted,1.0,0.732554,0.845635,6015,0,2196
bank_marketing_full,0.02,20260812,naive,1.0,0.737618,0.848999,6106,0,2172
bank_marketing_full,0.02,20260812,restricted,1.0,0.737583,0.848976,6074,0,2161
bank_marketing_full,0.05,20260803,naive,1.0,0.734569,0.846976,15614,0,5642
bank_marketing_full,0.05,20260803,restricted,1.0,0.734323,0.846812,15528,0,5618
bank_marketing_full,0.05,20260804,naive,1.0,0.737296,0.848786,15655,0,5578
bank_marketing_full,0.05,20260804,restricted,1.0,0.737153,0.848691,15579,0,5555
bank_marketing_full,0.05,20260805,naive,1.0,0.739521,0.850258,15737,0,5543
bank_marketing_full,0.05,20260805,restricted,1.0,0.738999,0.849913,15635,0,5522
bank_marketing_full,0.05,20260806,naive,1.0,0.737139,0.848682,15676,0,5590
bank_marketing_full,0.05,20260806,restricted,1.0,0.736991,0.848584,15594,0,5565
bank_marketing_full,0.05,20260807,naive,1.0,0.738218,0.849396,15648,0,5549
bank_marketing_full,0.05,20260807,restricted,1.0,0.737604,0.84899,15545,0,5530
bank_marketing_full,0.05,20260808,naive,1.0,0.737382,0.848843,15662,0,5578
bank_marketing_full,0.05,20260808,restricted,1.0,0.73674,0.848417,15557,0,5559
bank_marketing_full,0.05,20260809,naive,1.0,0.738145,0.849348,15690,0,5566
bank_marketing_full,0.05,20260809,restricted,1.0,0.737585,0.848977,15580,0,5543
bank_marketing_full,0.05,20260810,naive,1.0,0.737316,0.848799,15710,0,5597
bank_marketing_full,0.05,20260810,restricted,1.0,0.736899,0.848523,15623,0,5578
bank_marketing_full,0.05,20260811,naive,1.0,0.733399,0.846198,15551,0,5653
bank_marketing_full,0.05,20260811,restricted,1.0,0.733061,0.845973,15461,0,5630
bank_marketing_full,0.05,20260812,naive,1.0,0.734583,0.846985,15593,0,5634
bank_marketing_full,0.05,20260812,restricted,1.0,0.733889,0.846524,15499,0,5620
bank_marketing_full,0.1,20260803,naive,1.0,0.740528,0.850924,32778,0,11485
bank_marketing_full,0.1,20260803,restricted,1.0,0.740031,0.850595,32588,0,11448
bank_marketing_full,0.1,20260804,naive,1.0,0.73964,0.850337,32769,0,11535
bank_marketing_full,0.1,20260804,restricted,1.0,0.739525,0.850261,32599,0,11482
bank_marketing_full,0.1,20260805,naive,1.0,0.74081,0.85111,32769,0,11465
bank_marketing_full,0.1,20260805,restricted,1.0,0.740234,0.850729,32554,0,11424
bank_marketing_full,0.1,20260806,naive,1.0,0.74021,0.850714,32778,0,11504
bank_marketing_full,0.1,20260806,restricted,1.0,0.739741,0.850404,32593,0,11467
bank_marketing_full,0.1,20260807,naive,1.0,0.740848,0.851134,32824,0,11482
bank_marketing_full,0.1,20260807,restricted,1.0,0.740451,0.850872,32625,0,11436
bank_marketing_full,0.1,20260808,naive,1.0,0.740179,0.850693,32784,0,11508
bank_marketing_full,0.1,20260808,restricted,1.0,0.739689,0.850369,32587,0,11468
bank_marketing_full,0.1,20260809,naive,1.0,0.740222,0.850721,32760,0,11497
bank_marketing_full,0.1,20260809,restricted,1.0,0.739858,0.850481,32573,0,11453
bank_marketing_full,0.1,20260810,naive,1.0,0.740773,0.851085,32817,0,11484
bank_marketing_full,0.1,20260810,restricted,1.0,0.740542,0.850932,32629,0,11432
bank_marketing_full,0.1,20260811,naive,1.0,0.738058,0.84929,32724,0,11614
bank_marketing_full,0.1,20260811,restricted,1.0,0.737553,0.848956,32532,0,11576
bank_marketing_full,0.1,20260812,naive,1.0,0.739805,0.850446,32746,0,11517
bank_marketing_full,0.1,20260812,restricted,1.0,0.739281,0.850099,32552,0,11480
bank_marketing_full,0.15,20260803,naive,1.0,0.744368,0.853453,51549,0,17703
bank_marketing_full,0.15,20260803,restricted,1.0,0.743977,0.853196,51266,0,17642
bank_marketing_full,0.15,20260804,naive,1.0,0.74517,0.85398,51603,0,17647
bank_marketing_full,0.15,20260804,restricted,1.0,0.744665,0.853648,51300,0,17590
bank_marketing_full,0.15,20260805,naive,1.0,0.744285,0.853398,51503,0,17695
bank_marketing_full,0.15,20260805,restricted,1.0,0.743836,0.853103,51196,0,17631
bank_marketing_full,0.15,20260806,naive,1.0,0.744233,0.853364,51617,0,17739
bank_marketing_full,0.15,20260806,restricted,1.0,0.743843,0.853108,51288,0,17662
bank_marketing_full,0.15,20260807,naive,1.0,0.744496,0.853537,51397,0,17639
bank_marketing_full,0.15,20260807,restricted,1.0,0.743892,0.85314,51095,0,17591
bank_marketing_full,0.15,20260808,naive,1.0,0.745233,0.854021,51553,0,17624
bank_marketing_full,0.15,20260808,restricted,1.0,0.744903,0.853804,51259,0,17554
bank_marketing_full,0.15,20260809,naive,1.0,0.744894,0.853798,51569,0,17661
bank_marketing_full,0.15,20260809,restricted,1.0,0.744419,0.853487,51254,0,17597
bank_marketing_full,0.15,20260810,naive,1.0,0.745175,0.853983,51587,0,17641
bank_marketing_full,0.15,20260810,restricted,1.0,0.744812,0.853744,51284,0,17571
bank_marketing_full,0.15,20260811,naive,1.0,0.744368,0.853453,51581,0,17714
bank_marketing_full,0.15,20260811,restricted,1.0,0.744054,0.853246,51272,0,17637
bank_marketing_full,0.15,20260812,naive,1.0,0.743791,0.853073,51448,0,17722
bank_marketing_full,0.15,20260812,restricted,1.0,0.743483,0.852871,51139,0,17644
bank_marketing_full,0.2,20260803,naive,1.0,0.746578,0.854904,71558,0,24290
bank_marketing_full,0.2,20260803,restricted,1.0,0.746172,0.854638,71149,0,24203
bank_marketing_full,0.2,20260804,naive,1.0,0.748041,0.855862,71610,0,24120
bank_marketing_full,0.2,20260804,restricted,1.0,0.747761,0.855679,71216,0,24023
bank_marketing_full,0.2,20260805,naive,1.0,0.747635,0.855596,71515,0,24140
bank_marketing_full,0.2,20260805,restricted,1.0,0.747357,0.855415,71129,0,24045
bank_marketing_full,0.2,20260806,naive,1.0,0.747562,0.855549,71686,0,24207
bank_marketing_full,0.2,20260806,restricted,1.0,0.74693,0.855135,71231,0,24134
bank_marketing_full,0.2,20260807,naive,1.0,0.74713,0.855265,71581,0,24227
bank_marketing_full,0.2,20260807,restricted,1.0,0.74674,0.85501,71186,0,24143
bank_marketing_full,0.2,20260808,naive,1.0,0.745745,0.854357,71420,0,24350
bank_marketing_full,0.2,20260808,restricted,1.0,0.745487,0.854188,70995,0,24238
bank_marketing_full,0.2,20260809,naive,1.0,0.747509,0.855514,71725,0,24227
bank_marketing_full,0.2,20260809,restricted,1.0,0.746985,0.85517,71290,0,24147
bank_marketing_full,0.2,20260810,naive,1.0,0.747951,0.855803,71724,0,24170
bank_marketing_full,0.2,20260810,restricted,1.0,0.747694,0.855635,71327,0,24069
bank_marketing_full,0.2,20260811,naive,1.0,0.747592,0.855568,71727,0,24217
bank_marketing_full,0.2,20260811,restricted,1.0,0.747253,0.855346,71326,0,24125
bank_marketing_full,0.2,20260812,naive,1.0,0.747689,0.855631,71731,0,24206
bank_marketing_full,0.2,20260812,restricted,1.0,0.7472,0.855311,71306,0,24125
bank_marketing_full,0.3,20260803,naive,1.0,0.753401,0.859359,116640,0,38178
bank_marketing_full,0.3,20260803,restricted,1.0,0.753083,0.859152,115983,0,38028
bank_marketing_full,0.3,20260804,naive,1.0,0.752167,0.858556,116522,0,38393
bank_marketing_full,0.3,20260804,restricted,1.0,0.751846,0.858347,115858,0,38240
bank_marketing_full,0.3,20260805,naive,1.0,0.752221,0.858591,116264,0,38297
bank_marketing_full,0.3,20260805,restricted,1.0,0.751802,0.858318,115567,0,38153
bank_marketing_full,0.3,20260806,naive,1.0,0.752969,0.859078,116552,0,38238
bank_marketing_full,0.3,20260806,restricted,1.0,0.752622,0.858853,115876,0,38087
bank_marketing_full,0.3,20260807,naive,1.0,0.751761,0.858292,116226,0,38379
bank_marketing_full,0.3,20260807,restricted,1.0,0.751218,0.857938,115505,0,38252
bank_marketing_full,0.3,20260808,naive,1.0,0.75183,0.858337,116354,0,38407
bank_marketing_full,0.3,20260808,restricted,1.0,0.751576,0.858171,115651,0,38227
bank_marketing_full,0.3,20260809,naive,1.0,0.752819,0.858981,116504,0,38253
bank_marketing_full,0.3,20260809,restricted,1.0,0.752255,0.858613,115772,0,38128
bank_marketing_full,0.3,20260810,naive,1.0,0.752183,0.858567,116186,0,38279
bank_marketing_full,0.3,20260810,restricted,1.0,0.751808,0.858323,115477,0,38122
bank_marketing_full,0.3,20260811,naive,1.0,0.753247,0.85926,116449,0,38147
bank_marketing_full,0.3,20260811,restricted,1.0,0.752959,0.859072,115772,0,37984
bank_marketing_full,0.3,20260812,naive,1.0,0.753158,0.859202,116436,0,38161
bank_marketing_full,0.3,20260812,restricted,1.0,0.752754,0.858938,115766,0,38024
diabetes_130us,0.0,20260803,restricted,,,,0,191047,0
diabetes_130us,0.0,20260804,restricted,,,,0,191047,0
diabetes_130us,0.0,20260805,restricted,,,,0,191047,0
diabetes_130us,0.0,20260806,restricted,,,,0,191047,0
diabetes_130us,0.0,20260807,restricted,,,,0,191047,0
diabetes_130us,0.0,20260808,restricted,,,,0,191047,0
diabetes_130us,0.0,20260809,restricted,,,,0,191047,0
diabetes_130us,0.0,20260810,restricted,,,,0,191047,0
diabetes_130us,0.0,20260811,restricted,,,,0,191047,0
diabetes_130us,0.0,20260812,restricted,,,,0,191047,0
diabetes_130us,0.01,20260803,naive,0.036115,0.781161,0.069038,7157,191016,2005
diabetes_130us,0.01,20260803,restricted,1.0,0.780418,0.876669,7126,0,2005
diabetes_130us,0.01,20260804,naive,0.036095,0.780725,0.068999,7153,191020,2009
diabetes_130us,0.01,20260804,restricted,1.0,0.780077,0.876453,7126,0,2009
diabetes_130us,0.01,20260805,naive,0.03612,0.78127,0.069048,7158,191015,2004
diabetes_130us,0.01,20260805,restricted,1.0,0.780504,0.876722,7126,0,2004
diabetes_130us,0.01,20260806,naive,0.036064,0.78007,0.068942,7147,191026,2015
diabetes_130us,0.01,20260806,restricted,1.0,0.779565,0.87613,7126,0,2015
diabetes_130us,0.01,20260807,naive,0.036009,0.778869,0.068835,7136,191037,2026
diabetes_130us,0.01,20260807,restricted,1.0,0.778628,0.875538,7126,0,2026
diabetes_130us,0.01,20260808,naive,0.036069,0.780179,0.068951,7148,191025,2014
diabetes_130us,0.01,20260808,restricted,1.0,0.77965,0.876183,7126,0,2014
diabetes_130us,0.01,20260809,naive,0.03608,0.780397,0.068971,7150,191023,2012
diabetes_130us,0.01,20260809,restricted,1.0,0.779821,0.876291,7126,0,2012
diabetes_130us,0.01,20260810,naive,0.036085,0.780506,0.06898,7151,191022,2011
diabetes_130us,0.01,20260810,restricted,1.0,0.779906,0.876345,7126,0,2011
diabetes_130us,0.01,20260811,naive,0.036044,0.779633,0.068903,7143,191030,2019
diabetes_130us,0.01,20260811,restricted,1.0,0.779224,0.875914,7126,0,2019
diabetes_130us,0.01,20260812,naive,0.036039,0.779524,0.068893,7142,191031,2020
diabetes_130us,0.01,20260812,restricted,1.0,0.779138,0.87586,7126,0,2020
diabetes_130us,0.02,20260803,naive,0.069564,0.779743,0.127733,14281,191011,4034
diabetes_130us,0.02,20260803,restricted,1.0,0.77931,0.875969,14245,0,4034
diabetes_130us,0.02,20260804,naive,0.069574,0.779853,0.127751,14283,191009,4032
diabetes_130us,0.02,20260804,restricted,1.0,0.779395,0.876022,14245,0,4032
diabetes_130us,0.02,20260805,naive,0.069628,0.780453,0.127849,14294,190998,4021
diabetes_130us,0.02,20260805,restricted,1.0,0.779864,0.876319,14245,0,4021
diabetes_130us,0.02,20260806,naive,0.069628,0.780453,0.127849,14294,190998,4021
diabetes_130us,0.02,20260806,restricted,1.0,0.779864,0.876319,14245,0,4021
diabetes_130us,0.02,20260807,naive,0.069589,0.780016,0.127778,14286,191006,4029
diabetes_130us,0.02,20260807,restricted,1.0,0.779523,0.876103,14245,0,4029
diabetes_130us,0.02,20260808,naive,0.069637,0.780562,0.127867,14296,190996,4019
diabetes_130us,0.02,20260808,restricted,1.0,0.77995,0.876373,14245,0,4019
diabetes_130us,0.02,20260809,naive,0.069608,0.780235,0.127814,14290,191002,4025
diabetes_130us,0.02,20260809,restricted,1.0,0.779693,0.876211,14245,0,4025
diabetes_130us,0.02,20260810,naive,0.069574,0.779853,0.127751,14283,191009,4032
diabetes_130us,0.02,20260810,restricted,1.0,0.779395,0.876022,14245,0,4032
diabetes_130us,0.02,20260811,naive,0.069598,0.780126,0.127796,14288,191004,4027
diabetes_130us,0.02,20260811,restricted,1.0,0.779608,0.876157,14245,0,4027
diabetes_130us,0.02,20260812,naive,0.069642,0.780617,0.127876,14297,190995,4018
diabetes_130us,0.02,20260812,restricted,1.0,0.779992,0.8764,14245,0,4018
diabetes_130us,0.05,20260803,naive,0.157719,0.780682,0.262421,35749,190914,10043
diabetes_130us,0.05,20260803,restricted,1.0,0.780043,0.876432,35616,0,10043
diabetes_130us,0.05,20260804,naive,0.157608,0.780136,0.262238,35724,190939,10068
diabetes_130us,0.05,20260804,restricted,1.0,0.779616,0.876162,35616,0,10068
diabetes_130us,0.05,20260805,naive,0.157644,0.780311,0.262297,35732,190931,10060
diabetes_130us,0.05,20260805,restricted,1.0,0.779753,0.876249,35616,0,10060
diabetes_130us,0.05,20260806,naive,0.157683,0.780508,0.262363,35741,190922,10051
diabetes_130us,0.05,20260806,restricted,1.0,0.779907,0.876346,35616,0,10051
diabetes_130us,0.05,20260807,naive,0.157569,0.77994,0.262172,35715,190948,10077
diabetes_130us,0.05,20260807,restricted,1.0,0.779463,0.876065,35616,0,10077
diabetes_130us,0.05,20260808,naive,0.157604,0.780114,0.26223,35723,190940,10069
diabetes_130us,0.05,20260808,restricted,1.0,0.779599,0.876152,35616,0,10069
diabetes_130us,0.05,20260809,naive,0.157613,0.780158,0.262245,35725,190938,10067
diabetes_130us,0.05,20260809,restricted,1.0,0.779634,0.876173,35616,0,10067
diabetes_130us,0.05,20260810,naive,0.157679,0.780486,0.262355,35740,190923,10052
diabetes_130us,0.05,20260810,restricted,1.0,0.77989,0.876335,35616,0,10052
diabetes_130us,0.05,20260811,naive,0.157622,0.780202,0.26226,35727,190936,10065
diabetes_130us,0.05,20260811,restricted,1.0,0.779668,0.876195,35616,0,10065
diabetes_130us,0.05,20260812,naive,0.157653,0.780355,0.262311,35734,190929,10058
diabetes_130us,0.05,20260812,restricted,1.0,0.779787,0.87627,35616,0,10058
diabetes_130us,0.1,20260803,naive,0.27247,0.780245,0.403895,71465,190821,20128
diabetes_130us,0.1,20260803,restricted,1.0,0.779702,0.876216,71239,0,20128
diabetes_130us,0.1,20260804,naive,0.272439,0.780158,0.40385,71457,190829,20136
diabetes_130us,0.1,20260804,restricted,1.0,0.779633,0.876173,71239,0,20136
diabetes_130us,0.1,20260805,naive,0.272496,0.780322,0.403935,71472,190814,20121
diabetes_130us,0.1,20260805,restricted,1.0,0.779761,0.876254,71239,0,20121
diabetes_130us,0.1,20260806,naive,0.272496,0.780322,0.403935,71472,190814,20121
diabetes_130us,0.1,20260806,restricted,1.0,0.779761,0.876254,71239,0,20121
diabetes_130us,0.1,20260807,naive,0.272577,0.780551,0.404053,71493,190793,20100
diabetes_130us,0.1,20260807,restricted,1.0,0.779941,0.876367,71239,0,20100
diabetes_130us,0.1,20260808,naive,0.272393,0.780027,0.403782,71445,190841,20148
diabetes_130us,0.1,20260808,restricted,1.0,0.779531,0.876108,71239,0,20148
diabetes_130us,0.1,20260809,naive,0.272462,0.780223,0.403884,71463,190823,20130
diabetes_130us,0.1,20260809,restricted,1.0,0.779685,0.876205,71239,0,20130
diabetes_130us,0.1,20260810,naive,0.272409,0.780071,0.403805,71449,190837,20144
diabetes_130us,0.1,20260810,restricted,1.0,0.779565,0.87613,71239,0,20144
diabetes_130us,0.1,20260811,naive,0.27239,0.780016,0.403776,71444,190842,20149
diabetes_130us,0.1,20260811,restricted,1.0,0.779522,0.876103,71239,0,20149
diabetes_130us,0.1,20260812,naive,0.272371,0.779961,0.403748,71439,190847,20154
diabetes_130us,0.1,20260812,restricted,1.0,0.77948,0.876076,71239,0,20154
diabetes_130us,0.15,20260803,naive,0.35987,0.780333,0.492576,107206,190696,30179
diabetes_130us,0.15,20260803,restricted,1.0,0.77977,0.876259,106855,0,30179
diabetes_130us,0.15,20260804,naive,0.359759,0.780092,0.492425,107173,190729,30212
diabetes_130us,0.15,20260804,restricted,1.0,0.779582,0.876141,106855,0,30212
diabetes_130us,0.15,20260805,naive,0.359729,0.780027,0.492383,107164,190738,30221
diabetes_130us,0.15,20260805,restricted,1.0,0.779531,0.876108,106855,0,30221
diabetes_130us,0.15,20260806,naive,0.359867,0.780325,0.492572,107205,190697,30180
diabetes_130us,0.15,20260806,restricted,1.0,0.779764,0.876256,106855,0,30180
diabetes_130us,0.15,20260807,naive,0.359796,0.780173,0.492475,107184,190718,30201
diabetes_130us,0.15,20260807,restricted,1.0,0.779645,0.87618,106855,0,30201
diabetes_130us,0.15,20260808,naive,0.359826,0.780238,0.492516,107193,190709,30192
diabetes_130us,0.15,20260808,restricted,1.0,0.779696,0.876213,106855,0,30192
diabetes_130us,0.15,20260809,naive,0.359783,0.780143,0.492457,107180,190722,30205
diabetes_130us,0.15,20260809,restricted,1.0,0.779622,0.876166,106855,0,30205
diabetes_130us,0.15,20260810,naive,0.35984,0.780267,0.492535,107197,190705,30188
diabetes_130us,0.15,20260810,restricted,1.0,0.779719,0.876227,106855,0,30188
diabetes_130us,0.15,20260811,naive,0.35987,0.780333,0.492576,107206,190696,30179
diabetes_130us,0.15,20260811,restricted,1.0,0.77977,0.876259,106855,0,30179
diabetes_130us,0.15,20260812,naive,0.359877,0.780347,0.492585,107208,190694,30177
diabetes_130us,0.15,20260812,restricted,1.0,0.779781,0.876266,106855,0,30177
diabetes_130us,0.2,20260803,naive,0.428541,0.780262,0.553232,142926,190592,40251
diabetes_130us,0.2,20260803,restricted,1.0,0.779715,0.876224,142471,0,40251
diabetes_130us,0.2,20260804,naive,0.428481,0.780153,0.553154,142906,190612,40271
diabetes_130us,0.2,20260804,restricted,1.0,0.779629,0.87617,142471,0,40271
diabetes_130us,0.2,20260805,naive,0.428544,0.780267,0.553235,142927,190591,40250
diabetes_130us,0.2,20260805,restricted,1.0,0.779719,0.876227,142471,0,40250
diabetes_130us,0.2,20260806,naive,0.428562,0.7803,0.553259,142933,190585,40244
diabetes_130us,0.2,20260806,restricted,1.0,0.779744,0.876243,142471,0,40244
diabetes_130us,0.2,20260807,naive,0.428538,0.780256,0.553228,142925,190593,40252
diabetes_130us,0.2,20260807,restricted,1.0,0.77971,0.876222,142471,0,40252
diabetes_130us,0.2,20260808,naive,0.42855,0.780278,0.553243,142929,190589,40248
diabetes_130us,0.2,20260808,restricted,1.0,0.779727,0.876232,142471,0,40248
diabetes_130us,0.2,20260809,naive,0.428577,0.780327,0.553278,142938,190580,40239
diabetes_130us,0.2,20260809,restricted,1.0,0.779766,0.876257,142471,0,40239
diabetes_130us,0.2,20260810,naive,0.428523,0.780229,0.553208,142920,190598,40257
diabetes_130us,0.2,20260810,restricted,1.0,0.779689,0.876208,142471,0,40257
diabetes_130us,0.2,20260811,naive,0.428541,0.780262,0.553232,142926,190592,40251
diabetes_130us,0.2,20260811,restricted,1.0,0.779715,0.876224,142471,0,40251
diabetes_130us,0.2,20260812,naive,0.428439,0.780076,0.5531,142892,190626,40285
diabetes_130us,0.2,20260812,restricted,1.0,0.779569,0.876133,142471,0,40285
diabetes_130us,0.3,20260803,naive,0.529785,0.780413,0.631127,214434,190323,60336
diabetes_130us,0.3,20260803,restricted,1.0,0.779833,0.876299,213710,0,60336
diabetes_130us,0.3,20260804,naive,0.52972,0.780318,0.631051,214408,190349,60362
diabetes_130us,0.3,20260804,restricted,1.0,0.779759,0.876252,213710,0,60362
diabetes_130us,0.3,20260805,naive,0.529701,0.780289,0.631027,214400,190357,60370
diabetes_130us,0.3,20260805,restricted,1.0,0.779736,0.876238,213710,0,60370
diabetes_130us,0.3,20260806,naive,0.529656,0.780223,0.630974,214382,190375,60388
diabetes_130us,0.3,20260806,restricted,1.0,0.779685,0.876205,213710,0,60388
diabetes_130us,0.3,20260807,naive,0.529725,0.780325,0.631057,214410,190347,60360
diabetes_130us,0.3,20260807,restricted,1.0,0.779764,0.876256,213710,0,60360
diabetes_130us,0.3,20260808,naive,0.52971,0.780304,0.631039,214404,190353,60366
diabetes_130us,0.3,20260808,restricted,1.0,0.779747,0.876245,213710,0,60366
diabetes_130us,0.3,20260809,naive,0.529755,0.780369,0.631092,214422,190335,60348
diabetes_130us,0.3,20260809,restricted,1.0,0.779798,0.876277,213710,0,60348
diabetes_130us,0.3,20260810,naive,0.529654,0.78022,0.630971,214381,190376,60389
diabetes_130us,0.3,20260810,restricted,1.0,0.779682,0.876204,213710,0,60389
diabetes_130us,0.3,20260811,naive,0.529666,0.780238,0.630986,214386,190371,60384
diabetes_130us,0.3,20260811,restricted,1.0,0.779696,0.876213,213710,0,60384
diabetes_130us,0.3,20260812,naive,0.529678,0.780256,0.631001,214391,190366,60379
diabetes_130us,0.3,20260812,restricted,1.0,0.77971,0.876222,213710,0,60379
online_retail_ii,0.0,20260803,restricted,,,,0,276600,0
online_retail_ii,0.0,20260804,restricted,,,,0,276600,0
online_retail_ii,0.0,20260805,restricted,,,,0,276600,0
online_retail_ii,0.0,20260806,restricted,,,,0,276600,0
online_retail_ii,0.0,20260807,restricted,,,,0,276600,0
online_retail_ii,0.0,20260808,restricted,,,,0,276600,0
online_retail_ii,0.0,20260809,restricted,,,,0,276600,0
online_retail_ii,0.0,20260810,restricted,,,,0,276600,0
online_retail_ii,0.0,20260811,restricted,,,,0,276600,0
online_retail_ii,0.0,20260812,restricted,,,,0,276600,0
online_retail_ii,0.01,20260803,naive,0.113022,0.545049,0.187222,35190,276164,29373
online_retail_ii,0.01,20260803,restricted,1.0,0.522653,0.686503,32094,0,29312
online_retail_ii,0.01,20260804,naive,0.112993,0.544651,0.187158,35167,276066,29401
online_retail_ii,0.01,20260804,restricted,1.0,0.521398,0.68542,31944,0,29322
online_retail_ii,0.01,20260805,naive,0.113084,0.54507,0.187308,35193,276018,29373
online_retail_ii,0.01,20260805,restricted,1.0,0.521882,0.685838,31982,0,29300
online_retail_ii,0.01,20260806,naive,0.113189,0.545683,0.187488,35250,276176,29348
online_retail_ii,0.01,20260806,restricted,1.0,0.52305,0.686846,32109,0,29279
online_retail_ii,0.01,20260807,naive,0.112769,0.543079,0.186758,35097,276132,29529
online_retail_ii,0.01,20260807,restricted,1.0,0.519729,0.683976,31888,0,29467
online_retail_ii,0.01,20260808,naive,0.113,0.544566,0.187163,35167,276045,29411
online_retail_ii,0.01,20260808,restricted,1.0,0.5215,0.685508,31981,0,29344
online_retail_ii,0.01,20260809,naive,0.112754,0.543988,0.186792,35109,276267,29431
online_retail_ii,0.01,20260809,restricted,1.0,0.521621,0.685612,32027,0,29372
online_retail_ii,0.01,20260810,naive,0.11287,0.544002,0.186952,35130,276112,29447
online_retail_ii,0.01,20260810,restricted,1.0,0.52046,0.684608,31887,0,29380
online_retail_ii,0.01,20260811,naive,0.112761,0.543915,0.186796,35107,276233,29438
online_retail_ii,0.01,20260811,restricted,1.0,0.521308,0.685342,32000,0,29384
online_retail_ii,0.01,20260812,naive,0.112961,0.54444,0.187102,35167,276152,29426
online_retail_ii,0.01,20260812,restricted,1.0,0.521287,0.685324,31994,0,29381
online_retail_ii,0.02,20260803,naive,0.205178,0.546184,0.298298,71152,275630,59119
online_retail_ii,0.02,20260803,restricted,1.0,0.523551,0.687277,64836,0,59003
online_retail_ii,0.02,20260804,naive,0.204662,0.54502,0.297579,70955,275738,59233
online_retail_ii,0.02,20260804,restricted,1.0,0.522574,0.686435,64702,0,59112
online_retail_ii,0.02,20260805,naive,0.204885,0.545499,0.297886,71024,275629,59176
online_retail_ii,0.02,20260805,restricted,1.0,0.52262,0.686475,64657,0,59060
online_retail_ii,0.02,20260806,naive,0.204954,0.54572,0.297992,71032,275544,59130
online_retail_ii,0.02,20260806,restricted,1.0,0.522949,0.686758,64671,0,58995
online_retail_ii,0.02,20260807,naive,0.204964,0.545714,0.298001,71058,275628,59153
online_retail_ii,0.02,20260807,restricted,1.0,0.522961,0.686768,64685,0,59005
online_retail_ii,0.02,20260808,naive,0.204957,0.545819,0.29801,71058,275639,59128
online_retail_ii,0.02,20260808,restricted,1.0,0.52292,0.686733,64681,0,59011
online_retail_ii,0.02,20260809,naive,0.204495,0.544849,0.297377,70893,275781,59222
online_retail_ii,0.02,20260809,restricted,1.0,0.522582,0.686442,64669,0,59080
online_retail_ii,0.02,20260810,naive,0.204782,0.545321,0.297751,70979,275628,59181
online_retail_ii,0.02,20260810,restricted,1.0,0.522389,0.686275,64584,0,59048
online_retail_ii,0.02,20260811,naive,0.204628,0.544483,0.297463,70908,275613,59322
online_retail_ii,0.02,20260811,restricted,1.0,0.521373,0.685398,64473,0,59187
online_retail_ii,0.02,20260812,naive,0.204854,0.545506,0.297855,71002,275596,59156
online_retail_ii,0.02,20260812,restricted,1.0,0.522773,0.686607,64655,0,59022
online_retail_ii,0.05,20260803,naive,0.40019,0.547835,0.462515,182623,273718,150731
online_retail_ii,0.05,20260803,restricted,1.0,0.524875,0.688417,166167,0,150417
online_retail_ii,0.05,20260804,naive,0.400406,0.547956,0.462703,182780,273707,150787
online_retail_ii,0.05,20260804,restricted,1.0,0.525058,0.688574,166353,0,150475
online_retail_ii,0.05,20260805,naive,0.400718,0.548383,0.463063,183060,273770,150758
online_retail_ii,0.05,20260805,restricted,1.0,0.525711,0.689135,166747,0,150437
online_retail_ii,0.05,20260806,naive,0.400284,0.547847,0.462583,182654,273657,150749
online_retail_ii,0.05,20260806,restricted,1.0,0.524979,0.688507,166251,0,150430
online_retail_ii,0.05,20260807,naive,0.40014,0.547826,0.462479,182700,273890,150800
online_retail_ii,0.05,20260807,restricted,1.0,0.525103,0.688613,166394,0,150485
online_retail_ii,0.05,20260808,naive,0.400328,0.5477,0.46256,182589,273509,150785
online_retail_ii,0.05,20260808,restricted,1.0,0.524638,0.688213,166048,0,150452
online_retail_ii,0.05,20260809,naive,0.400431,0.548199,0.462806,182866,273807,150710
online_retail_ii,0.05,20260809,restricted,1.0,0.525437,0.6889,166504,0,150383
online_retail_ii,0.05,20260810,naive,0.400081,0.548039,0.462515,182685,273935,150658
online_retail_ii,0.05,20260810,restricted,1.0,0.52547,0.688929,166458,0,150321
online_retail_ii,0.05,20260811,naive,0.400229,0.547571,0.462447,182703,273793,150958
online_retail_ii,0.05,20260811,restricted,1.0,0.524955,0.688486,166487,0,150658
online_retail_ii,0.05,20260812,naive,0.400703,0.548198,0.462987,182905,273555,150743
online_retail_ii,0.05,20260812,restricted,1.0,0.525103,0.688613,166350,0,150445
online_retail_ii,0.1,20260803,naive,0.586569,0.551778,0.568642,382826,269827,310978
online_retail_ii,0.1,20260803,restricted,1.0,0.529262,0.69218,348879,0,310301
online_retail_ii,0.1,20260804,naive,0.587256,0.5524,0.569295,383193,269321,310495
online_retail_ii,0.1,20260804,restricted,1.0,0.529554,0.69243,348782,0,309851
online_retail_ii,0.1,20260805,naive,0.586982,0.55188,0.56889,382868,269397,310884
online_retail_ii,0.1,20260805,restricted,1.0,0.529246,0.692166,348706,0,310167
online_retail_ii,0.1,20260806,naive,0.586969,0.55175,0.568815,382804,269367,310996
online_retail_ii,0.1,20260806,restricted,1.0,0.529134,0.69207,348767,0,310361
online_retail_ii,0.1,20260807,naive,0.587157,0.551964,0.569017,383008,269301,310892
online_retail_ii,0.1,20260807,restricted,1.0,0.529307,0.692218,348798,0,310173
online_retail_ii,0.1,20260808,naive,0.587164,0.551866,0.568968,382904,269221,310931
online_retail_ii,0.1,20260808,restricted,1.0,0.529076,0.692021,348573,0,310260
online_retail_ii,0.1,20260809,naive,0.587438,0.552393,0.569377,382986,268974,310335
online_retail_ii,0.1,20260809,restricted,1.0,0.529591,0.692461,348574,0,309621
online_retail_ii,0.1,20260810,naive,0.58744,0.552194,0.569272,383151,269088,310719
online_retail_ii,0.1,20260810,restricted,1.0,0.529091,0.692033,348390,0,310079
online_retail_ii,0.1,20260811,naive,0.587056,0.551491,0.568718,382497,269054,311072
online_retail_ii,0.1,20260811,restricted,1.0,0.528814,0.691796,348296,0,310340
online_retail_ii,0.1,20260812,naive,0.586979,0.551905,0.568902,383098,269562,311039
online_retail_ii,0.1,20260812,restricted,1.0,0.529434,0.692327,349157,0,310334
online_retail_ii,0.15,20260803,naive,0.69495,0.55575,0.617604,600644,263654,480136
online_retail_ii,0.15,20260803,restricted,1.0,0.533085,0.695441,547003,0,479106
online_retail_ii,0.15,20260804,naive,0.694856,0.555367,0.61733,600137,263549,480477
online_retail_ii,0.15,20260804,restricted,1.0,0.532784,0.695185,546694,0,479414
online_retail_ii,0.15,20260805,naive,0.69493,0.555401,0.61738,600293,263525,480536
online_retail_ii,0.15,20260805,restricted,1.0,0.532766,0.69517,546752,0,479499
online_retail_ii,0.15,20260806,naive,0.694819,0.555664,0.617499,600622,263808,480287
online_retail_ii,0.15,20260806,restricted,1.0,0.533238,0.695571,547462,0,479213
online_retail_ii,0.15,20260807,naive,0.694986,0.555545,0.617491,600332,263473,480287
online_retail_ii,0.15,20260807,restricted,1.0,0.53294,0.695317,546859,0,479259
online_retail_ii,0.15,20260808,naive,0.694677,0.555263,0.617195,599892,263663,480483
online_retail_ii,0.15,20260808,restricted,1.0,0.532676,0.695093,546453,0,479410
online_retail_ii,0.15,20260809,naive,0.694595,0.555355,0.61722,600080,263848,480454
online_retail_ii,0.15,20260809,restricted,1.0,0.532829,0.695223,546791,0,479412
online_retail_ii,0.15,20260810,naive,0.695066,0.555532,0.617515,600584,263483,480513
online_retail_ii,0.15,20260810,restricted,1.0,0.53293,0.695309,546978,0,479382
online_retail_ii,0.15,20260811,naive,0.694841,0.555149,0.61719,600146,263571,480907
online_retail_ii,0.15,20260811,restricted,1.0,0.532458,0.694907,546490,0,479864
online_retail_ii,0.15,20260812,naive,0.695188,0.555857,0.617764,600704,263384,479976
online_retail_ii,0.15,20260812,restricted,1.0,0.533249,0.695581,547221,0,478980
online_retail_ii,0.2,20260803,naive,0.765297,0.559123,0.646162,835306,256173,658652
online_retail_ii,0.2,20260803,restricted,1.0,0.5367,0.69851,761161,0,657063
online_retail_ii,0.2,20260804,naive,0.76509,0.559144,0.646103,835326,256475,658611
online_retail_ii,0.2,20260804,restricted,1.0,0.536724,0.69853,761310,0,657128
online_retail_ii,0.2,20260805,naive,0.765396,0.559013,0.646124,835268,256021,658916
online_retail_ii,0.2,20260805,restricted,1.0,0.536493,0.698334,761029,0,657497
online_retail_ii,0.2,20260806,naive,0.765174,0.559095,0.6461,835715,256475,659049
online_retail_ii,0.2,20260806,restricted,1.0,0.53679,0.698586,761929,0,657489
online_retail_ii,0.2,20260807,naive,0.765033,0.558829,0.645872,834893,256423,659112
online_retail_ii,0.2,20260807,restricted,1.0,0.536325,0.698192,760678,0,657637
online_retail_ii,0.2,20260808,naive,0.76501,0.558904,0.645914,835324,256588,659250
online_retail_ii,0.2,20260808,restricted,1.0,0.536443,0.698292,761176,0,657757
online_retail_ii,0.2,20260809,naive,0.765061,0.559015,0.646006,835161,256465,658826
online_retail_ii,0.2,20260809,restricted,1.0,0.536647,0.698465,761351,0,657368
online_retail_ii,0.2,20260810,naive,0.76533,0.559352,0.646327,835786,256274,658418
online_retail_ii,0.2,20260810,restricted,1.0,0.536852,0.698639,761443,0,656905
online_retail_ii,0.2,20260811,naive,0.7651,0.558788,0.645868,835032,256371,659330
online_retail_ii,0.2,20260811,restricted,1.0,0.536373,0.698233,760988,0,657779
online_retail_ii,0.2,20260812,naive,0.765531,0.559235,0.64632,835998,256052,658899
online_retail_ii,0.2,20260812,restricted,1.0,0.536812,0.698605,761889,0,657395
online_retail_ii,0.3,20260803,naive,0.850467,0.565023,0.678964,1357566,238693,1045106
online_retail_ii,0.3,20260803,restricted,1.0,0.542845,0.703693,1238274,0,1042810
online_retail_ii,0.3,20260804,naive,0.850882,0.565439,0.679397,1357843,237963,1043551
online_retail_ii,0.3,20260804,restricted,1.0,0.543385,0.704147,1238804,0,1040985
online_retail_ii,0.3,20260805,naive,0.851299,0.565132,0.679308,1357588,237138,1044661
online_retail_ii,0.3,20260805,restricted,1.0,0.542945,0.703777,1237931,0,1042101
online_retail_ii,0.3,20260806,naive,0.851091,0.565226,0.67931,1357689,237544,1044338
online_retail_ii,0.3,20260806,restricted,1.0,0.543051,0.703867,1238122,0,1041815
online_retail_ii,0.3,20260807,naive,0.851164,0.565377,0.679442,1357542,237382,1043585
online_retail_ii,0.3,20260807,restricted,1.0,0.543203,0.703994,1238219,0,1041258
online_retail_ii,0.3,20260808,naive,0.850725,0.565232,0.679197,1357071,238122,1043840
online_retail_ii,0.3,20260808,restricted,1.0,0.543055,0.70387,1237782,0,1041511
online_retail_ii,0.3,20260809,naive,0.851122,0.565576,0.679572,1358350,237603,1043362
online_retail_ii,0.3,20260809,restricted,1.0,0.543358,0.704125,1238582,0,1040912
online_retail_ii,0.3,20260810,naive,0.851006,0.565102,0.679192,1357067,237595,1044390
online_retail_ii,0.3,20260810,restricted,1.0,0.542921,0.703757,1237671,0,1041982
online_retail_ii,0.3,20260811,naive,0.850756,0.565255,0.679223,1357213,238090,1043851
online_retail_ii,0.3,20260811,restricted,1.0,0.543104,0.703911,1237981,0,1041472
online_retail_ii,0.3,20260812,naive,0.850868,0.565259,0.679262,1357707,237966,1044213
online_retail_ii,0.3,20260812,restricted,1.0,0.543083,0.703894,1238335,0,1041858
